"Id","OwnerId","IsDeleted","Name","CreatedDate","CreatedById","LastModifiedDate","LastModifiedById","SystemModstamp","LastViewedDate","LastReferencedDate","nFORCE__Alternate_Label__c","nFORCE__Conditional_Display_Criteria__c","nFORCE__Default_Value__c","nFORCE__Field_Hint__c","nFORCE__Field_Name__c","nFORCE__Format_Description__c","nFORCE__Format_Enabled__c","nFORCE__Format_Expression__c","nFORCE__Format_Message__c","nFORCE__Is_Hidden__c","nFORCE__Is_Read_Only__c","nFORCE__Is_Required__c","nFORCE__Output_Expression__c","nFORCE__SLDS_Column_Size__c","nFORCE__Screen_Section__c","nFORCE__Tooltip_Contents__c","nFORCE__Tooltip_Enabled__c","nFORCE__Tooltip_Text__c","nFORCE__lookupKey__c","nFORCE__sObject_Name__c","nFORCE__Is_Editable__c","nFORCE__Address_Part__c","nFORCE__Is_Header__c","nFORCE__Is_Important__c","nFORCE__Filter_Criteria__c","nFORCE__Filter_Display_Name__c","nFORCE__Is_Active__c","nFORCE__Is_Filter_Active__c","nFORCE__Is_Conditional_Lookup__c","nFORCE__Defined_Picklist_Values__c","nFORCE__Autocomplete_Attribute_Value__c"
"a3T78000000VjegEAC","0058c00000BxeO9AAJ","false","FC-005667","2023-10-31T13:56:27.000Z","0058c00000BxeO9AAJ","2025-01-15T17:20:51.000Z","0058c00000BxeO9AAJ","2025-01-15T17:20:51.000Z","","","","","","","nFORCE__Field_Name__c","","false","","","true","false","false","","","a2F78000000k7p3EAA","","false","","a3THo000000zAusMAE","nFORCE__Field_Configuration__c","false","","false","false","","","false","false","false","",""
"a3T78000000VjehEAC","0058c00000BxeO9AAJ","false","FC-005668","2023-10-31T13:56:27.000Z","0058c00000BxeO9AAJ","2025-01-15T17:20:51.000Z","0058c00000BxeO9AAJ","2025-01-15T17:20:51.000Z","","","","","","","nFORCE__Field_Name__c","","false","","","true","false","false","","","a2F78000000k7p3EAA","","false","","a3THo000000zAutMAE","nFORCE__Field_Configuration__c","false","","false","false","","","false","false","false","",""
"a3T78000000VjeiEAC","0058c00000BxeO9AAJ","false","FC-005669","2023-10-31T13:56:27.000Z","0058c00000BxeO9AAJ","2025-01-15T17:20:51.000Z","0058c00000BxeO9AAJ","2025-01-15T17:20:51.000Z","","","","","","","nFORCE__Field_Name__c","","false","","","true","false","false","","","a2F78000000k7p3EAA","","false","","a3THo000000zAuuMAE","nFORCE__Field_Configuration__c","false","","false","false","","","false","false","false","",""
"a3T78000000VjejEAC","0058c00000BxeO9AAJ","false","FC-005670","2023-10-31T13:56:27.000Z","0058c00000BxeO9AAJ","2025-01-15T17:20:51.000Z","0058c00000BxeO9AAJ","2025-01-15T17:20:51.000Z","","","","","","","LLC_BI__Tiers__c","","false","","","false","false","false","","","a2F78000000k7pOEAQ","","false","","a3THo000000zAuvMAE","LLC_BI__Bill_Point__c","false","","false","false","","","false","false","false","",""
"a3T78000000VjekEAC","0058c00000BxeO9AAJ","false","FC-005671","2023-10-31T13:56:27.000Z","0058c00000BxeO9AAJ","2025-01-15T17:20:51.000Z","0058c00000BxeO9AAJ","2025-01-15T17:20:51.000Z","","","","","","","LLC_BI__Price__c","","false","","","false","false","false","","","a2F78000000k7pOEAQ","","false","","a3THo000000zAuwMAE","LLC_BI__Bill_Point__c","false","","false","false","","","false","false","false","",""
"a3T78000000VjfbEAC","0058c00000BxeO9AAJ","false","FC-005724","2023-10-31T13:56:27.000Z","0058c00000BxeO9AAJ","2025-01-15T17:20:51.000Z","0058c00000BxeO9AAJ","2025-01-15T17:20:51.000Z","","","","","","","Name","","false","","","false","true","false","","","a2F78000000k7u9EAA","","false","","575766443567986","LLC_BI__Credit_Memo_Modifcation__c","false","","false","false","","","false","false","false","",""
"a3T78000000VjfcEAC","0058c00000BxeO9AAJ","false","FC-005725","2023-10-31T13:56:27.000Z","0058c00000BxeO9AAJ","2025-01-15T17:20:51.000Z","0058c00000BxeO9AAJ","2025-01-15T17:20:51.000Z","","","","","","","LLC_BI__Approval_Status__c","","false","","","false","true","false","","","a2F78000000k7u9EAA","","false","","42937821374556311","LLC_BI__Credit_Memo_Modifcation__c","false","","false","false","","","false","false","false","",""
"a3T78000000VjfrEAC","0058c00000BxeO9AAJ","false","FC-005740","2023-10-31T13:56:27.000Z","0058c00000BxeO9AAJ","2025-01-15T17:20:51.000Z","0058c00000BxeO9AAJ","2025-01-15T17:20:51.000Z","","","","","","","LLC_BI__Allocated_Facility_Amount__c","","false","","","false","true","false","","","a2F78000000k7rCEAQ","","false","","42182148697712431","LLC_BI__Loan__c","false","","false","false","","","false","false","false","",""
"a3T78000000VjfsEAC","0058c00000BxeO9AAJ","false","FC-005741","2023-11-03T15:08:19.000Z","0058c00000BxeO9AAJ","2025-01-15T17:20:51.000Z","0058c00000BxeO9AAJ","2025-01-15T17:20:51.000Z","","","","","","","nFORCE__Field_Name__c","","false","","","true","false","false","","","a2F78000000k7p3EAA","","false","","a3T4S000000CblFUAS","nFORCE__Field_Configuration__c","false","","false","false","","","false","false","false","",""
"a3T78000000VjftEAC","0058c00000BxeO9AAJ","false","FC-005742","2023-11-03T15:08:19.000Z","0058c00000BxeO9AAJ","2025-01-15T17:20:51.000Z","0058c00000BxeO9AAJ","2025-01-15T17:20:51.000Z","","","","","","","nFORCE__Field_Name__c","","false","","","true","false","false","","","a2F78000000k7p3EAA","","false","","a3T4S000000CblGUAS","nFORCE__Field_Configuration__c","false","","false","false","","","false","false","false","",""
"a3T78000000VjfuEAC","0058c00000BxeO9AAJ","false","FC-005743","2023-11-03T15:08:19.000Z","0058c00000BxeO9AAJ","2025-01-15T17:20:51.000Z","0058c00000BxeO9AAJ","2025-01-15T17:20:51.000Z","","","","","","","nFORCE__Field_Name__c","","false","","","true","false","false","","","a2F78000000k7p3EAA","","false","","a3T4S000000CblHUAS","nFORCE__Field_Configuration__c","false","","false","false","","","false","false","false","",""
"a3T78000000VjfvEAC","0058c00000BxeO9AAJ","false","FC-005744","2023-11-03T15:08:19.000Z","0058c00000BxeO9AAJ","2025-01-15T17:20:51.000Z","0058c00000BxeO9AAJ","2025-01-15T17:20:51.000Z","","","","","","","LLC_BI__Tiers__c","","false","","","false","false","false","","","a2F78000000k7pOEAQ","","false","","a3T4S000000CblIUAS","LLC_BI__Bill_Point__c","false","","false","false","","","false","false","false","",""
"a3T78000000VjfwEAC","0058c00000BxeO9AAJ","false","FC-005745","2023-11-03T15:08:19.000Z","0058c00000BxeO9AAJ","2025-01-15T17:20:51.000Z","0058c00000BxeO9AAJ","2025-01-15T17:20:51.000Z","","","","","","","LLC_BI__Price__c","","false","","","false","false","false","","","a2F78000000k7pOEAQ","","false","","a3T4S000000CblJUAS","LLC_BI__Bill_Point__c","false","","false","false","","","false","false","false","",""
"a3T78000000VjgoEAC","0058c00000BxeO9AAJ","false","FC-005799","2023-11-03T15:08:20.000Z","0058c00000BxeO9AAJ","2025-01-15T17:20:51.000Z","0058c00000BxeO9AAJ","2025-01-15T17:20:51.000Z","","","","","{{artifact}}","","LLC_BI__Deposit__c","","false","","","true","false","false","","","a2F78000000k7xhEAA","","false","","42085915559474043","LLC_BI__Beneficiary__c","false","","false","false","","","false","false","false","",""
"a3T78000000VjgpEAC","0058c00000BxeO9AAJ","false","FC-005800","2023-11-03T15:08:20.000Z","0058c00000BxeO9AAJ","2025-02-18T11:38:44.000Z","0058c00000BxeO9AAJ","2025-02-18T11:38:44.000Z","","","","","","","Type","","false","","","true","false","false","","","a2F78000000k5XHEAY","","false","","42376365263587631","Account","false","","false","false","","","false","false","false","",""
"a3T78000000VjgqEAC","0058c00000BxeO9AAJ","false","FC-005801","2023-11-03T15:08:20.000Z","0058c00000BxeO9AAJ","2025-01-15T17:20:51.000Z","0058c00000BxeO9AAJ","2025-01-15T17:20:51.000Z","","","Is your physical address the same as mailing address?","","","","Business_Mailing_Address_Same_as_Physica__c","","false","","","false","false","false","","","a2F78000000k5XDEAY","","false","","42635601628945905","Account","false","","false","false","","","false","false","false","",""
"a3T78000000VjhDEAS","0058c00000BxeO9AAJ","false","FC-005824","2023-11-03T15:08:20.000Z","0058c00000BxeO9AAJ","2025-02-18T11:38:44.000Z","0058c00000BxeO9AAJ","2025-02-18T11:38:44.000Z","","","","","a1f4S000000g2cYQAQ","","LLC_BI__Connection_Role__c","","false","","","true","false","false","","","a2F78000000k5XLEAY","","false","","42333834396384937","LLC_BI__Connection__c","false","","false","false","","","false","false","false","",""
"a3T78000000VjhEEAS","0058c00000BxeO9AAJ","false","FC-005825","2023-11-03T15:08:20.000Z","0058c00000BxeO9AAJ","2025-01-15T17:20:50.000Z","0058c00000BxeO9AAJ","2025-01-15T17:20:50.000Z","","","Title","","","","LLC_BI__Official_Title__c","","false","","","false","false","false","","","a2F78000000k5XLEAY","","false","","42514541898358303","LLC_BI__Connection__c","false","","false","false","","","false","false","false","",""
"a3T78000000VjhhEAC","0058c00000BxeO9AAJ","false","FC-005854","2023-11-03T15:08:20.000Z","0058c00000BxeO9AAJ","2025-02-18T11:38:44.000Z","0058c00000BxeO9AAJ","2025-02-18T11:38:44.000Z","","","","","","","LLC_BI__Home_Address__c","","false","","","false","false","false","","","a2F78000000k5SeEAI","","false","","a3T4S000000ChRXUA0","Contact","false","","false","false","","","false","false","false","",""
"a3T78000000VjiKEAS","0058c00000BxeO9AAJ","false","FC-005893","2023-11-03T15:08:20.000Z","0058c00000BxeO9AAJ","2025-02-18T11:38:44.000Z","0058c00000BxeO9AAJ","2025-02-18T11:38:44.000Z","","","","","","","LLC_BI__Amount__c","","false","","","false","false","false","","","a2F78000000k5XWEAY","","false","","42940582545274435","LLC_BI__Loan__c","false","","false","false","","","false","false","false","",""
"a3T78000000VjiLEAS","0058c00000BxeO9AAJ","false","FC-005894","2023-11-03T15:08:20.000Z","0058c00000BxeO9AAJ","2025-01-15T17:20:50.000Z","0058c00000BxeO9AAJ","2025-01-15T17:20:51.000Z","","","","","","","LLC_BI__Account__c","","false","","","false","true","false","","","a2F78000000k5XXEAY","","false","","42885604852150311","LLC_BI__Loan__c","false","","false","false","","","false","false","false","",""
"a3T78000000VjiMEAS","0058c00000BxeO9AAJ","false","FC-005895","2023-11-03T15:08:20.000Z","0058c00000BxeO9AAJ","2025-01-15T17:20:50.000Z","0058c00000BxeO9AAJ","2025-01-15T17:20:51.000Z","","","","","","","LLC_BI__Total_Direct_Exposure__c","","false","","","false","true","false","","","a2F78000000k5XXEAY","","false","","42773350152705216","Account","false","","false","false","","","false","false","false","",""
"a3T78000000VjiNEAS","0058c00000BxeO9AAJ","false","FC-005896","2023-11-03T15:08:20.000Z","0058c00000BxeO9AAJ","2025-02-18T11:38:44.000Z","0058c00000BxeO9AAJ","2025-02-18T11:38:44.000Z","","","","","{{artifact}}","","LLC_BI__Loan__c","","false","","","true","false","false","","","a2F78000000k5XaEAI","","false","","42406135566526985","LLC_BI__Income__c","false","","false","false","","","false","false","false","",""
"a3T78000000VjiOEAS","0058c00000BxeO9AAJ","false","FC-005897","2023-11-03T15:08:20.000Z","0058c00000BxeO9AAJ","2025-02-18T11:38:44.000Z","0058c00000BxeO9AAJ","2025-02-18T11:38:44.000Z","","","","","{{Contact}}","","LLC_BI__Contact__c","","false","","","true","false","false","","","a2F78000000k5XaEAI","","false","","42848381400074070","LLC_BI__Income__c","false","","false","false","","","false","false","false","",""
"a3T78000000VjiPEAS","0058c00000BxeO9AAJ","false","FC-005898","2023-11-03T15:08:20.000Z","0058c00000BxeO9AAJ","2025-02-18T11:38:44.000Z","0058c00000BxeO9AAJ","2025-02-18T11:38:44.000Z","","","","","{{individual}}","","LLC_BI__Account__c","","false","","","true","false","false","","","a2F78000000k5XaEAI","","false","","42585970225656628","LLC_BI__Income__c","false","","false","false","","","false","false","false","",""
"a3T78000000VjiiEAC","0058c00000BxeO9AAJ","false","FC-005917","2023-11-03T15:08:20.000Z","0058c00000BxeO9AAJ","2025-01-15T17:20:50.000Z","0058c00000BxeO9AAJ","2025-01-15T17:20:51.000Z","","","","","","","LLC_BI__Account__c","","false","","","false","true","false","","","a2F78000000k5XkEAI","","false","","75381602764632445","LLC_BI__Loan__c","false","","false","false","","","false","false","false","",""
"a3T78000000VjijEAC","0058c00000BxeO9AAJ","false","FC-005918","2023-11-03T15:08:20.000Z","0058c00000BxeO9AAJ","2025-01-15T17:20:50.000Z","0058c00000BxeO9AAJ","2025-01-15T17:20:51.000Z","","","","","","","LLC_BI__Total_Direct_Exposure__c","","false","","","false","true","false","","","a2F78000000k5XkEAI","","false","","58341602764632446","Account","false","","false","false","","","false","false","false","",""
"a3T78000000VjjSEAS","0058c00000BxeO9AAJ","false","FC-005963","2023-11-03T15:08:21.000Z","0058c00000BxeO9AAJ","2025-02-18T11:38:44.000Z","0058c00000BxeO9AAJ","2025-02-18T11:38:44.000Z","","","","","100","","LLC_BI__Ownership_Percent__c","","false","","","true","false","false","","","a2F78000000k5XxEAI","","false","","42044963066399826","LLC_BI__Connection__c","false","","false","false","","","false","false","false","",""
"a3T78000000VjjTEAS","0058c00000BxeO9AAJ","false","FC-005964","2023-11-03T15:08:21.000Z","0058c00000BxeO9AAJ","2025-01-15T17:20:50.000Z","0058c00000BxeO9AAJ","2025-01-15T17:20:51.000Z","","","","","","","FirstName","","false","","","false","false","false","","2.0","a2F78000000k5XwEAI","","false","","42274058602214080","Contact","false","","false","false","","","false","false","false","",""
"a3T78000000VjjUEAS","0058c00000BxeO9AAJ","false","FC-005965","2023-11-03T15:08:21.000Z","0058c00000BxeO9AAJ","2025-01-15T17:20:50.000Z","0058c00000BxeO9AAJ","2025-01-15T17:20:51.000Z","","","","","","","LastName","","false","","","false","false","false","","2.0","a2F78000000k5XwEAI","","false","","42814121487658028","Contact","false","","false","false","","","false","false","false","",""
"a3T78000000VjjVEAS","0058c00000BxeO9AAJ","false","FC-005966","2023-11-03T15:08:21.000Z","0058c00000BxeO9AAJ","2025-01-15T17:20:50.000Z","0058c00000BxeO9AAJ","2025-01-15T17:20:51.000Z","","","","","","All applicant emails must be unique and in correct email format 'name@example.com'","Email","","false","","","false","false","false","","","a2F78000000k5XwEAI","The email address listed will be notified to log in and complete application... etc","false","","42056096975555324","Contact","false","","false","false","","","false","false","false","",""
"a3T78000000VjjWEAS","0058c00000BxeO9AAJ","false","FC-005967","2023-11-03T15:08:21.000Z","0058c00000BxeO9AAJ","2025-01-15T17:20:50.000Z","0058c00000BxeO9AAJ","2025-01-15T17:20:51.000Z","","","","","","","Name","","false","","","false","true","false","","","a2F78000000k7qoEAA","","false","","42242293480412932","LLC_BI__Credit_Memo_Modifcation__c","false","","false","false","","","false","false","false","",""
"a3T78000000VjjXEAS","0058c00000BxeO9AAJ","false","FC-005968","2023-11-03T15:08:21.000Z","0058c00000BxeO9AAJ","2025-01-15T17:20:50.000Z","0058c00000BxeO9AAJ","2025-01-15T17:20:51.000Z","","","","","New","","LLC_BI__Approval_Status__c","","false","","","false","true","false","","","a2F78000000k7qoEAA","","false","","42983664713190908","LLC_BI__Credit_Memo_Modifcation__c","false","","false","false","","","false","false","false","",""
"a3T78000000VjjYEAS","0058c00000BxeO9AAJ","false","FC-005969","2023-11-03T15:08:21.000Z","0058c00000BxeO9AAJ","2025-01-15T17:20:50.000Z","0058c00000BxeO9AAJ","2025-01-15T17:20:51.000Z","","","","","","","LLC_BI__Income_Type__c","","false","","","false","false","false","","","a2F78000000k5XaEAI","","false","","42017678075385560","LLC_BI__Income__c","false","","false","false","","","false","false","false","Alimony Support|Gross Annual Income|Investment/Trust Income|Other Income|Rental Income",""
"a3T78000000VjjlEAC","0058c00000BxeO9AAJ","false","FC-005982","2023-11-03T15:08:21.000Z","0058c00000BxeO9AAJ","2025-01-15T17:20:50.000Z","0058c00000BxeO9AAJ","2025-01-15T17:20:51.000Z","","","Doing Business As","","","","LLC_BI__Doing_Business_As__r.Name","","false","","","false","false","false","","","a2F78000000k7paEAA","","false","","42637841636131814","LLC_BI__Legal_Entities__c","false","","false","false","","","false","false","false","",""
"a3T78000000VjjmEAC","0058c00000BxeO9AAJ","false","FC-005983","2023-11-03T15:08:21.000Z","0058c00000BxeO9AAJ","2025-01-15T17:20:50.000Z","0058c00000BxeO9AAJ","2025-01-15T17:20:51.000Z","","","Doing Business As","","","","LLC_BI__Doing_Business_As__r.Name","","false","","","false","false","false","","","a2F78000000k7plEAA","","false","","42048633114611653","LLC_BI__Legal_Entities__c","false","","false","false","","","false","false","false","",""
"a3T78000000VjjnEAC","0058c00000BxeO9AAJ","false","FC-005984","2023-11-03T15:08:21.000Z","0058c00000BxeO9AAJ","2025-01-15T17:20:50.000Z","0058c00000BxeO9AAJ","2025-01-15T17:20:51.000Z","","","Doing Business As","","","","LLC_BI__Doing_Business_As__r.Name","","false","","","false","false","false","","","a2F78000000k7pwEAA","","false","","42390200293455371","LLC_BI__Legal_Entities__c","false","","false","false","","","false","false","false","",""
"a3T78000000VjjoEAC","0058c00000BxeO9AAJ","false","FC-005985","2023-11-03T15:08:21.000Z","0058c00000BxeO9AAJ","2025-01-15T17:20:50.000Z","0058c00000BxeO9AAJ","2025-01-15T17:20:51.000Z","","","Doing Business As","","","","LLC_BI__Doing_Business_As__r.Name","","false","","","false","false","false","","","a2F78000000k7q7EAA","","false","","42705669834393192","LLC_BI__Legal_Entities__c","false","","false","false","","","false","false","false","",""
"a3T78000000VjjpEAC","0058c00000BxeO9AAJ","false","FC-005986","2023-11-03T15:08:21.000Z","0058c00000BxeO9AAJ","2025-01-15T17:20:50.000Z","0058c00000BxeO9AAJ","2025-01-15T17:20:51.000Z","","","Doing Business As","","","","LLC_BI__Doing_Business_As__r.Name","","false","","","false","false","false","","","a2F78000000k7qIEAQ","","false","","42715121286267891","LLC_BI__Legal_Entities__c","false","","false","false","","","false","false","false","",""
"a3T78000000VjjqEAC","0058c00000BxeO9AAJ","false","FC-005987","2023-11-03T15:08:21.000Z","0058c00000BxeO9AAJ","2025-01-15T17:20:50.000Z","0058c00000BxeO9AAJ","2025-01-15T17:20:51.000Z","","","Doing Business As","","","","LLC_BI__Doing_Business_As__r.Name","","false","","","false","false","false","","","a2F78000000k7qUEAQ","","false","","42284339143491482","LLC_BI__Legal_Entities__c","false","","false","false","","","false","false","false","",""
"a3T78000000VjjrEAC","0058c00000BxeO9AAJ","false","FC-005988","2023-11-03T15:08:21.000Z","0058c00000BxeO9AAJ","2025-01-15T17:20:50.000Z","0058c00000BxeO9AAJ","2025-01-15T17:20:51.000Z","","","Doing Business As","","","","LLC_BI__Doing_Business_As__r.Name","","false","","","false","false","false","","","a2F78000000k7qvEAA","","false","","42884335687819065","LLC_BI__Legal_Entities__c","false","","false","false","","","false","false","false","",""
"a3T78000000VjjsEAC","0058c00000BxeO9AAJ","false","FC-005989","2023-11-03T15:08:21.000Z","0058c00000BxeO9AAJ","2025-01-15T17:20:50.000Z","0058c00000BxeO9AAJ","2025-01-15T17:20:51.000Z","","","Doing Business As","","","","LLC_BI__Doing_Business_As__r.Name","","false","","","false","false","false","","","a2F78000000k7wGEAQ","","false","","42919911116897775","LLC_BI__Legal_Entities__c","false","","false","false","","","false","false","false","",""
"a3T78000000VjjtEAC","0058c00000BxeO9AAJ","false","FC-005990","2023-11-03T15:08:21.000Z","0058c00000BxeO9AAJ","2025-01-15T17:20:50.000Z","0058c00000BxeO9AAJ","2025-01-15T17:20:51.000Z","","","Doing Business As","","","","LLC_BI__Doing_Business_As__r.Name","","false","","","false","false","false","","","a2F78000000k7wcEAA","","false","","42549330748657148","LLC_BI__Legal_Entities__c","false","","false","false","","","false","false","false","",""
"a3T78000000VjjvEAC","0058c00000BxeO9AAJ","false","FC-005992","2023-11-03T15:08:21.000Z","0058c00000BxeO9AAJ","2025-02-18T11:38:44.000Z","0058c00000BxeO9AAJ","2025-02-18T11:38:44.000Z","","","","","","","AA_TYPE__c","","false","","","false","true","false","","","a2F78000000k5Y5EAI","","false","","42941355148406295","LLC_BI__Adverse_Action__c","false","","false","false","","","false","false","false","",""
"a3T78000000VjjyEAC","0058c00000BxeO9AAJ","false","FC-005995","2023-11-03T15:08:21.000Z","0058c00000BxeO9AAJ","2025-02-18T11:38:44.000Z","0058c00000BxeO9AAJ","2025-02-18T11:38:44.000Z","","","","","{{business}}","","AccountId","","false","","","true","false","false","","","a2F78000000k7x6EAA","","false","","42582067504594066","Contact","false","","false","false","","","false","false","false","",""
"a3T78000000VjjzEAC","0058c00000BxeO9AAJ","false","FC-005996","2023-11-03T15:08:21.000Z","0058c00000BxeO9AAJ","2025-01-15T17:20:50.000Z","0058c00000BxeO9AAJ","2025-01-15T17:20:51.000Z","","","","","","","LLC_BI__Account__c","","false","","","false","true","false","","","a2F78000000k7vYEAQ","","false","","80061663700626156","LLC_BI__Loan__c","false","","false","false","","","false","false","false","",""
"a3T78000000Vjk0EAC","0058c00000BxeO9AAJ","false","FC-005997","2023-11-03T15:08:21.000Z","0058c00000BxeO9AAJ","2025-01-15T17:20:50.000Z","0058c00000BxeO9AAJ","2025-01-15T17:20:51.000Z","","","","","","","LLC_BI__Total_Direct_Exposure__c","","false","","","false","true","false","","","a2F78000000k7vYEAQ","","false","","04891663700626156","Account","false","","false","false","","","false","false","false","",""
"a3T78000000VjkwEAC","0058c00000BxeO9AAJ","false","FC-006055","2023-11-03T15:08:22.000Z","0058c00000BxeO9AAJ","2025-01-15T17:20:50.000Z","0058c00000BxeO9AAJ","2025-01-15T17:20:50.000Z","","","","","","","LLC_BI__Income_Type__c","","false","","","false","false","false","","","a2F78000000k7vtEAA","","false","","14611666029076797","LLC_BI__Income__c","false","","false","false","","","false","false","false","Alimony Support|Gross Annual Income|Investment/Trust Income|Other Income|Rental Income",""
"a3T78000000VjkxEAC","0058c00000BxeO9AAJ","false","FC-006056","2023-11-03T15:08:22.000Z","0058c00000BxeO9AAJ","2025-02-18T11:38:44.000Z","0058c00000BxeO9AAJ","2025-02-18T11:38:44.000Z","","","","","{{individual}}","","LLC_BI__Account__c","","false","","","true","false","false","","","a2F78000000k7vtEAA","","false","","425859702256566289","LLC_BI__Income__c","false","","false","false","","","false","false","false","",""
"a3T78000000VjkyEAC","0058c00000BxeO9AAJ","false","FC-006057","2023-11-03T15:08:22.000Z","0058c00000BxeO9AAJ","2025-02-18T11:38:44.000Z","0058c00000BxeO9AAJ","2025-02-18T11:38:44.000Z","","","","","{{artifact}}","","LLC_BI__Loan__c","","false","","","true","false","false","","","a2F78000000k7vtEAA","","false","","424061355665269857","LLC_BI__Income__c","false","","false","false","","","false","false","false","",""
"a3T78000000VjkzEAC","0058c00000BxeO9AAJ","false","FC-006058","2023-11-03T15:08:22.000Z","0058c00000BxeO9AAJ","2025-02-18T11:38:44.000Z","0058c00000BxeO9AAJ","2025-02-18T11:38:44.000Z","","","","","{{Contact}}","","LLC_BI__Contact__c","","false","","","true","false","false","","","a2F78000000k7vtEAA","","false","","428483814000740701","LLC_BI__Income__c","false","","false","false","","","false","false","false","",""
"a3T78000000Vv1jEAC","0058c00000BxeO9AAJ","false","FC-006065","2023-11-20T09:37:46.000Z","0058c00000BxeO9AAJ","2025-01-15T17:20:50.000Z","0058c00000BxeO9AAJ","2025-01-15T17:20:50.000Z","","","","","","","nFORCE__Field_Name__c","","false","","","true","false","false","","","a2F78000000k7p3EAA","","false","","a3THu000002IuGEMA0","nFORCE__Field_Configuration__c","false","","false","false","","","false","false","false","",""
"a3T78000000Vv1kEAC","0058c00000BxeO9AAJ","false","FC-006066","2023-11-20T09:37:46.000Z","0058c00000BxeO9AAJ","2025-01-15T17:20:50.000Z","0058c00000BxeO9AAJ","2025-01-15T17:20:50.000Z","","","","","","","nFORCE__Field_Name__c","","false","","","true","false","false","","","a2F78000000k7p3EAA","","false","","a3THu000002IuGFMA0","nFORCE__Field_Configuration__c","false","","false","false","","","false","false","false","",""
"a3T78000000Vv1lEAC","0058c00000BxeO9AAJ","false","FC-006067","2023-11-20T09:37:46.000Z","0058c00000BxeO9AAJ","2025-01-15T17:20:50.000Z","0058c00000BxeO9AAJ","2025-01-15T17:20:50.000Z","","","","","","","nFORCE__Field_Name__c","","false","","","true","false","false","","","a2F78000000k7p3EAA","","false","","a3THu000002IuGGMA0","nFORCE__Field_Configuration__c","false","","false","false","","","false","false","false","",""
"a3T78000000Vv1mEAC","0058c00000BxeO9AAJ","false","FC-006068","2023-11-20T09:37:46.000Z","0058c00000BxeO9AAJ","2025-01-15T17:20:50.000Z","0058c00000BxeO9AAJ","2025-01-15T17:20:50.000Z","","","","","","","LLC_BI__Tiers__c","","false","","","false","false","false","","","a2F78000000k7pOEAQ","","false","","a3THu000002IuGHMA0","LLC_BI__Bill_Point__c","false","","false","false","","","false","false","false","",""
"a3T78000000Vv1nEAC","0058c00000BxeO9AAJ","false","FC-006069","2023-11-20T09:37:46.000Z","0058c00000BxeO9AAJ","2025-01-15T17:20:50.000Z","0058c00000BxeO9AAJ","2025-01-15T17:20:50.000Z","","","","","","","LLC_BI__Price__c","","false","","","false","false","false","","","a2F78000000k7pOEAQ","","false","","a3THu000002IuGIMA0","LLC_BI__Bill_Point__c","false","","false","false","","","false","false","false","",""
"a3T78000000Vv1oEAC","0058c00000BxeO9AAJ","false","FC-006070","2023-02-15T12:16:48.000Z","0058c00000BxeO9AAJ","2025-01-15T17:20:50.000Z","0058c00000BxeO9AAJ","2025-01-15T17:20:50.000Z","","","","","","","nFORCE__Field_Name__c","","false","","","true","false","false","","","a2F78000000k7p3EAA","","false","","a3TDn000000H4geMAC","nFORCE__Field_Configuration__c","false","","false","false","","","false","false","false","",""
"a3T78000000Vv1pEAC","0058c00000BxeO9AAJ","false","FC-006071","2023-02-15T12:16:48.000Z","0058c00000BxeO9AAJ","2025-01-15T17:20:50.000Z","0058c00000BxeO9AAJ","2025-01-15T17:20:50.000Z","","","","","","","nFORCE__Field_Name__c","","false","","","true","false","false","","","a2F78000000k7p3EAA","","false","","a3TDn000000H4gfMAC","nFORCE__Field_Configuration__c","false","","false","false","","","false","false","false","",""
"a3T78000000Vv1qEAC","0058c00000BxeO9AAJ","false","FC-006072","2023-02-15T12:16:48.000Z","0058c00000BxeO9AAJ","2025-01-15T17:20:50.000Z","0058c00000BxeO9AAJ","2025-01-15T17:20:50.000Z","","","","","","","nFORCE__Field_Name__c","","false","","","true","false","false","","","a2F78000000k7p3EAA","","false","","a3TDn000000H4ggMAC","nFORCE__Field_Configuration__c","false","","false","false","","","false","false","false","",""
"a3T78000000Vv1rEAC","0058c00000BxeO9AAJ","false","FC-006073","2023-02-15T12:16:48.000Z","0058c00000BxeO9AAJ","2025-01-15T17:20:50.000Z","0058c00000BxeO9AAJ","2025-01-15T17:20:50.000Z","","","","","","","LLC_BI__Tiers__c","","false","","","false","false","false","","","a2F78000000k7pOEAQ","","false","","a3TDn000000H4ghMAC","LLC_BI__Bill_Point__c","false","","false","false","","","false","false","false","",""
"a3T78000000Vv1sEAC","0058c00000BxeO9AAJ","false","FC-006074","2023-02-15T12:16:48.000Z","0058c00000BxeO9AAJ","2025-01-15T17:20:50.000Z","0058c00000BxeO9AAJ","2025-01-15T17:20:50.000Z","","","","","","","LLC_BI__Price__c","","false","","","false","false","false","","","a2F78000000k7pOEAQ","","false","","a3TDn000000H4giMAC","LLC_BI__Bill_Point__c","false","","false","false","","","false","false","false","",""
"a3T78000000Vv1tEAC","0058c00000BxeO9AAJ","false","FC-006075","2023-07-03T14:51:50.000Z","0058c00000BxeO9AAJ","2025-01-15T17:20:50.000Z","0058c00000BxeO9AAJ","2025-01-15T17:20:50.000Z","","","","","","","nFORCE__Field_Name__c","","false","","","true","false","false","","","a2F78000000k7p3EAA","","false","","a3THo000000Y69wMAC","nFORCE__Field_Configuration__c","false","","false","false","","","false","false","false","",""
"a3T78000000Vv1uEAC","0058c00000BxeO9AAJ","false","FC-006076","2023-07-03T14:51:50.000Z","0058c00000BxeO9AAJ","2025-01-15T17:20:50.000Z","0058c00000BxeO9AAJ","2025-01-15T17:20:50.000Z","","","","","","","nFORCE__Field_Name__c","","false","","","true","false","false","","","a2F78000000k7p3EAA","","false","","a3THo000000Y69xMAC","nFORCE__Field_Configuration__c","false","","false","false","","","false","false","false","",""
"a3T78000000Vv1vEAC","0058c00000BxeO9AAJ","false","FC-006077","2023-07-03T14:51:50.000Z","0058c00000BxeO9AAJ","2025-01-15T17:20:50.000Z","0058c00000BxeO9AAJ","2025-01-15T17:20:50.000Z","","","","","","","nFORCE__Field_Name__c","","false","","","true","false","false","","","a2F78000000k7p3EAA","","false","","a3THo000000Y69yMAC","nFORCE__Field_Configuration__c","false","","false","false","","","false","false","false","",""
"a3T78000000Vv1wEAC","0058c00000BxeO9AAJ","false","FC-006078","2023-07-03T14:51:50.000Z","0058c00000BxeO9AAJ","2025-01-15T17:20:50.000Z","0058c00000BxeO9AAJ","2025-01-15T17:20:50.000Z","","","","","","","LLC_BI__Tiers__c","","false","","","false","false","false","","","a2F78000000k7pOEAQ","","false","","a3THo000000Y69zMAC","LLC_BI__Bill_Point__c","false","","false","false","","","false","false","false","",""
"a3T78000000Vv1xEAC","0058c00000BxeO9AAJ","false","FC-006079","2023-07-03T14:51:50.000Z","0058c00000BxeO9AAJ","2025-01-15T17:20:50.000Z","0058c00000BxeO9AAJ","2025-01-15T17:20:50.000Z","","","","","","","LLC_BI__Price__c","","false","","","false","false","false","","","a2F78000000k7pOEAQ","","false","","a3THo000000Y6A0MAK","LLC_BI__Bill_Point__c","false","","false","false","","","false","false","false","",""
"a3T78000000Vv1yEAC","0058c00000BxeO9AAJ","false","FC-006080","2024-05-15T05:24:51.000Z","0058c00000BxeO9AAJ","2025-01-15T17:20:50.000Z","0058c00000BxeO9AAJ","2025-01-15T17:20:50.000Z","","","Doing Business As","","","","LLC_BI__Doing_Business_As__r.Name","","false","","","false","false","false","","","a2F78000000k9WrEAI","","false","","43961640791248635","LLC_BI__Legal_Entities__c","false","","false","false","","","false","false","false","",""
"a3T78000000Vv1zEAC","0058c00000BxeO9AAJ","false","FC-006081","2024-05-15T05:24:51.000Z","0058c00000BxeO9AAJ","2025-01-15T17:20:50.000Z","0058c00000BxeO9AAJ","2025-01-15T17:20:50.000Z","","","","","","","LLC_BI__Approved_Loan_Amount__c","","false","","","false","true","false","","","a2F78000000k9WsEAI","","false","","42330668526596006","LLC_BI__Loan__c","false","","false","false","","","false","false","false","",""
"a3T78000000Vv20EAC","0058c00000BxeO9AAJ","false","FC-006082","2024-05-15T05:24:51.000Z","0058c00000BxeO9AAJ","2025-01-15T17:20:50.000Z","0058c00000BxeO9AAJ","2025-01-15T17:20:50.000Z","","","Business Name","","Name not found","","Name","","false","","","false","false","false","","","a2F78000000k9XAEAY","","false","","42873341063979028","SIOC__CompanyInfo__c","false","","false","false","","","false","false","false","",""
"a3T78000000Vv21EAC","0058c00000BxeO9AAJ","false","FC-006083","2024-05-15T05:24:51.000Z","0058c00000BxeO9AAJ","2025-01-15T17:20:50.000Z","0058c00000BxeO9AAJ","2025-01-15T17:20:50.000Z","","","Registered Address Building Number","","","","SIOC__Address1Line1__c","","false","","","false","false","false","","","a2F78000000k9XAEAY","","false","","42496722267339099","SIOC__CompanyInfo__c","false","","false","false","","","false","false","false","",""
"a3T78000000Vv22EAC","0058c00000BxeO9AAJ","false","FC-006084","2024-05-15T05:24:51.000Z","0058c00000BxeO9AAJ","2025-01-15T17:20:50.000Z","0058c00000BxeO9AAJ","2025-01-15T17:20:50.000Z","","","Registered Address Street","","","","SIOC__Address1Line2__c","","false","","","false","false","false","","","a2F78000000k9XAEAY","","false","","42371126163724407","SIOC__CompanyInfo__c","false","","false","false","","","false","false","false","",""
"a3T78000000Vv23EAC","0058c00000BxeO9AAJ","false","FC-006085","2024-05-15T05:24:51.000Z","0058c00000BxeO9AAJ","2025-01-15T17:20:50.000Z","0058c00000BxeO9AAJ","2025-01-15T17:20:50.000Z","","","Registered Address City","","","","SIOC__Address1Line3__c","","false","","","false","false","false","","","a2F78000000k9XAEAY","","false","","42406864355586048","SIOC__CompanyInfo__c","false","","false","false","","","false","false","false","",""
"a3T78000000Vv24EAC","0058c00000BxeO9AAJ","false","FC-006086","2024-05-15T05:24:51.000Z","0058c00000BxeO9AAJ","2025-01-15T17:20:50.000Z","0058c00000BxeO9AAJ","2025-01-15T17:20:50.000Z","","","Registered Address Postal Code","","","","SIOC__Address1PostalCode__c","","false","","","false","false","false","","","a2F78000000k9XAEAY","","false","","42767383980881519","SIOC__CompanyInfo__c","false","","false","false","","","false","false","false","",""
"a3T78000000Vv25EAC","0058c00000BxeO9AAJ","false","FC-006087","2024-05-15T05:24:51.000Z","0058c00000BxeO9AAJ","2025-01-15T17:20:50.000Z","0058c00000BxeO9AAJ","2025-01-15T17:20:50.000Z","","","","","","","SIOC__CompanyId__c","","false","","","false","false","false","","","a2F78000000k9XAEAY","","false","","42177650003785919","SIOC__CompanyInfo__c","false","","false","false","","","false","false","false","",""
"a3T78000000Vv26EAC","0058c00000BxeO9AAJ","false","FC-006088","2024-05-15T05:24:51.000Z","0058c00000BxeO9AAJ","2025-01-15T17:20:50.000Z","0058c00000BxeO9AAJ","2025-01-15T17:20:50.000Z","","","Do not display","","-","","SIOC__Address1Line4__c","","false","","","true","false","false","","","a2F78000000k9XAEAY","","false","","4270121162574678","SIOC__CompanyInfo__c","false","","false","false","","","false","false","false","",""
"a3T78000000Vv27EAC","0058c00000BxeO9AAJ","false","FC-006089","2024-05-15T05:24:51.000Z","0058c00000BxeO9AAJ","2025-01-15T17:20:50.000Z","0058c00000BxeO9AAJ","2025-01-15T17:20:50.000Z","","","Doing Business As","","","","LLC_BI__Doing_Business_As__r.Name","","false","","","false","false","false","","","a2F78000000k9XPEAY","","false","","76391663700626154","LLC_BI__Legal_Entities__c","false","","false","false","","","false","false","false","",""
"a3T78000000Vv28EAC","0058c00000BxeO9AAJ","false","FC-006090","2024-05-15T05:24:51.000Z","0058c00000BxeO9AAJ","2025-01-15T17:20:50.000Z","0058c00000BxeO9AAJ","2025-01-15T17:20:50.000Z","","","","","","","LLC_BI__Approved_Loan_Amount__c","","false","","","false","true","false","","","a2F78000000k9XQEAY","","false","","57971663700626155","LLC_BI__Loan__c","false","","false","false","","","false","false","false","",""
"a3T78000000Vv29EAC","0058c00000BxeO9AAJ","false","FC-006091","2022-02-24T00:34:23.000Z","0058c00000BxeO9AAJ","2025-01-15T17:20:50.000Z","0058c00000BxeO9AAJ","2025-01-15T17:20:50.000Z","","","","","","","nFORCE__Field_Name__c","","false","","","true","false","false","","","a2F78000000k7p3EAA","","false","","a3T4W000000q65HUAQ","nFORCE__Field_Configuration__c","false","","false","false","","","false","false","false","",""
"a3T78000000Vv2AEAS","0058c00000BxeO9AAJ","false","FC-006092","2022-02-24T00:34:23.000Z","0058c00000BxeO9AAJ","2025-01-15T17:20:50.000Z","0058c00000BxeO9AAJ","2025-01-15T17:20:50.000Z","","","","","","","nFORCE__Field_Name__c","","false","","","true","false","false","","","a2F78000000k7p3EAA","","false","","a3T4W000000q65IUAQ","nFORCE__Field_Configuration__c","false","","false","false","","","false","false","false","",""
"a3T78000000Vv2BEAS","0058c00000BxeO9AAJ","false","FC-006093","2022-02-24T00:34:23.000Z","0058c00000BxeO9AAJ","2025-01-15T17:20:50.000Z","0058c00000BxeO9AAJ","2025-01-15T17:20:50.000Z","","","","","","","nFORCE__Field_Name__c","","false","","","true","false","false","","","a2F78000000k7p3EAA","","false","","a3T4W000000q65JUAQ","nFORCE__Field_Configuration__c","false","","false","false","","","false","false","false","",""
"a3T78000000Vv2CEAS","0058c00000BxeO9AAJ","false","FC-006094","2022-02-24T00:34:23.000Z","0058c00000BxeO9AAJ","2025-01-15T17:20:50.000Z","0058c00000BxeO9AAJ","2025-01-15T17:20:50.000Z","","","","","","","LLC_BI__Tiers__c","","false","","","false","false","false","","","a2F78000000k7pOEAQ","","false","","a3T4W000000q65KUAQ","LLC_BI__Bill_Point__c","false","","false","false","","","false","false","false","",""
"a3T78000000Vv2DEAS","0058c00000BxeO9AAJ","false","FC-006095","2022-02-24T00:34:23.000Z","0058c00000BxeO9AAJ","2025-01-15T17:20:50.000Z","0058c00000BxeO9AAJ","2025-01-15T17:20:50.000Z","","","","","","","LLC_BI__Price__c","","false","","","false","false","false","","","a2F78000000k7pOEAQ","","false","","a3T4W000000q65LUAQ","LLC_BI__Bill_Point__c","false","","false","false","","","false","false","false","",""
"a3T78000000Vv2EEAS","0058c00000BxeO9AAJ","false","FC-006096","2022-09-21T02:14:37.000Z","0058c00000BxeO9AAJ","2025-01-15T17:20:50.000Z","0058c00000BxeO9AAJ","2025-01-15T17:20:50.000Z","","","Doing Business As","","","","LLC_BI__Doing_Business_As__r.Name","","false","","","false","false","false","","","a2F78000000k8acEAA","","false","","42350435604359761","LLC_BI__Legal_Entities__c","false","","false","false","","","false","false","false","",""
"a3T78000000Vv2FEAS","0058c00000BxeO9AAJ","false","FC-006097","2022-11-08T17:37:26.000Z","0058c00000BxeO9AAJ","2025-01-15T17:20:50.000Z","0058c00000BxeO9AAJ","2025-01-15T17:20:50.000Z","","","","","","","Id","","false","","","true","false","false","","","a2F78000000k8bsEAA","","false","","42380993084780076","LLC_BI__Funding_Method__c","false","","false","false","","","false","false","false","",""
"a3T78000000Vv2GEAS","0058c00000BxeO9AAJ","false","FC-006098","2022-11-08T17:37:26.000Z","0058c00000BxeO9AAJ","2025-01-15T17:20:50.000Z","0058c00000BxeO9AAJ","2025-01-15T17:20:50.000Z","","","Doing Business As","","","","LLC_BI__Doing_Business_As__r.Name","","false","","","false","false","false","","","a2F78000000k8byEAA","","false","","42481271991669935","LLC_BI__Legal_Entities__c","false","","false","false","","","false","false","false","",""
"a3T78000000Vv2HEAS","0058c00000BxeO9AAJ","false","FC-006099","2022-12-01T05:34:56.000Z","0058c00000BxeO9AAJ","2025-01-15T17:20:50.000Z","0058c00000BxeO9AAJ","2025-01-15T17:20:50.000Z","","","","","","","nFORCE__Field_Name__c","","false","","","true","false","false","","","a2F78000000k7p3EAA","","false","","a3T5i000001HlrmEAC","nFORCE__Field_Configuration__c","false","","false","false","","","false","false","false","",""
"a3T78000000Vv2IEAS","0058c00000BxeO9AAJ","false","FC-006100","2022-12-01T05:34:56.000Z","0058c00000BxeO9AAJ","2025-01-15T17:20:50.000Z","0058c00000BxeO9AAJ","2025-01-15T17:20:50.000Z","","","","","","","nFORCE__Field_Name__c","","false","","","true","false","false","","","a2F78000000k7p3EAA","","false","","a3T5i000001HlrnEAC","nFORCE__Field_Configuration__c","false","","false","false","","","false","false","false","",""
"a3T78000000Vv2JEAS","0058c00000BxeO9AAJ","false","FC-006101","2022-12-01T05:34:56.000Z","0058c00000BxeO9AAJ","2025-01-15T17:20:50.000Z","0058c00000BxeO9AAJ","2025-01-15T17:20:50.000Z","","","","","","","nFORCE__Field_Name__c","","false","","","true","false","false","","","a2F78000000k7p3EAA","","false","","a3T5i000001HlroEAC","nFORCE__Field_Configuration__c","false","","false","false","","","false","false","false","",""
"a3T78000000Vv2KEAS","0058c00000BxeO9AAJ","false","FC-006102","2022-12-01T05:34:56.000Z","0058c00000BxeO9AAJ","2025-01-15T17:20:50.000Z","0058c00000BxeO9AAJ","2025-01-15T17:20:50.000Z","","","","","","","LLC_BI__Tiers__c","","false","","","false","false","false","","","a2F78000000k7pOEAQ","","false","","a3T5i000001HlrpEAC","LLC_BI__Bill_Point__c","false","","false","false","","","false","false","false","",""
"a3T78000000Vv2LEAS","0058c00000BxeO9AAJ","false","FC-006103","2022-12-01T05:34:56.000Z","0058c00000BxeO9AAJ","2025-01-15T17:20:50.000Z","0058c00000BxeO9AAJ","2025-01-15T17:20:50.000Z","","","","","","","LLC_BI__Price__c","","false","","","false","false","false","","","a2F78000000k7pOEAQ","","false","","a3T5i000001HlrqEAC","LLC_BI__Bill_Point__c","false","","false","false","","","false","false","false","",""
"a3T78000000Vv2MEAS","0058c00000BxeO9AAJ","false","FC-006104","2022-12-01T05:34:56.000Z","0058c00000BxeO9AAJ","2025-01-15T17:20:50.000Z","0058c00000BxeO9AAJ","2025-01-15T17:20:50.000Z","","","","","","","nFORCE__Field_Name__c","","false","","","true","false","false","","","a2F78000000k7p3EAA","","false","","a3T5e0000004sGWEAY","nFORCE__Field_Configuration__c","false","","false","false","","","false","false","false","",""
"a3T78000000Vv2NEAS","0058c00000BxeO9AAJ","false","FC-006105","2022-12-01T05:34:56.000Z","0058c00000BxeO9AAJ","2025-01-15T17:20:50.000Z","0058c00000BxeO9AAJ","2025-01-15T17:20:50.000Z","","","","","","","nFORCE__Field_Name__c","","false","","","true","false","false","","","a2F78000000k7p3EAA","","false","","a3T5e0000004sGXEAY","nFORCE__Field_Configuration__c","false","","false","false","","","false","false","false","",""
"a3T78000000Vv2OEAS","0058c00000BxeO9AAJ","false","FC-006106","2022-12-01T05:34:56.000Z","0058c00000BxeO9AAJ","2025-01-15T17:20:50.000Z","0058c00000BxeO9AAJ","2025-01-15T17:20:50.000Z","","","","","","","nFORCE__Field_Name__c","","false","","","true","false","false","","","a2F78000000k7p3EAA","","false","","a3T5e0000004sGYEAY","nFORCE__Field_Configuration__c","false","","false","false","","","false","false","false","",""
"a3T78000000Vv2PEAS","0058c00000BxeO9AAJ","false","FC-006107","2022-12-01T05:34:56.000Z","0058c00000BxeO9AAJ","2025-01-15T17:20:50.000Z","0058c00000BxeO9AAJ","2025-01-15T17:20:50.000Z","","","","","","","LLC_BI__Tiers__c","","false","","","false","false","false","","","a2F78000000k7pOEAQ","","false","","a3T5e0000004sGZEAY","LLC_BI__Bill_Point__c","false","","false","false","","","false","false","false","",""
"a3T78000000Vv2QEAS","0058c00000BxeO9AAJ","false","FC-006108","2022-12-01T05:34:56.000Z","0058c00000BxeO9AAJ","2025-01-15T17:20:50.000Z","0058c00000BxeO9AAJ","2025-01-15T17:20:50.000Z","","","","","","","LLC_BI__Price__c","","false","","","false","false","false","","","a2F78000000k7pOEAQ","","false","","a3T5e0000004sGaEAI","LLC_BI__Bill_Point__c","false","","false","false","","","false","false","false","",""
"a3T78000000Vv2REAS","0058c00000BxeO9AAJ","false","FC-006109","2022-12-01T05:34:56.000Z","0058c00000BxeO9AAJ","2025-01-15T17:20:50.000Z","0058c00000BxeO9AAJ","2025-01-15T17:20:50.000Z","","","","","","","nFORCE__Field_Name__c","","false","","","true","false","false","","","a2F78000000k7p3EAA","","false","","a3T4W000001JyxWUAS","nFORCE__Field_Configuration__c","false","","false","false","","","false","false","false","",""
"a3T78000000Vv2SEAS","0058c00000BxeO9AAJ","false","FC-006110","2022-12-01T05:34:56.000Z","0058c00000BxeO9AAJ","2025-01-15T17:20:50.000Z","0058c00000BxeO9AAJ","2025-01-15T17:20:50.000Z","","","","","","","nFORCE__Field_Name__c","","false","","","true","false","false","","","a2F78000000k7p3EAA","","false","","a3T4W000001JyxXUAS","nFORCE__Field_Configuration__c","false","","false","false","","","false","false","false","",""
"a3T78000000Vv2TEAS","0058c00000BxeO9AAJ","false","FC-006111","2022-12-01T05:34:56.000Z","0058c00000BxeO9AAJ","2025-01-15T17:20:50.000Z","0058c00000BxeO9AAJ","2025-01-15T17:20:50.000Z","","","","","","","nFORCE__Field_Name__c","","false","","","true","false","false","","","a2F78000000k7p3EAA","","false","","a3T4W000001JyxYUAS","nFORCE__Field_Configuration__c","false","","false","false","","","false","false","false","",""
"a3T78000000Vv2UEAS","0058c00000BxeO9AAJ","false","FC-006112","2022-12-01T05:34:56.000Z","0058c00000BxeO9AAJ","2025-01-15T17:20:50.000Z","0058c00000BxeO9AAJ","2025-01-15T17:20:50.000Z","","","","","","","LLC_BI__Tiers__c","","false","","","false","false","false","","","a2F78000000k7pOEAQ","","false","","a3T4W000001JyxZUAS","LLC_BI__Bill_Point__c","false","","false","false","","","false","false","false","",""
"a3T78000000Vv2VEAS","0058c00000BxeO9AAJ","false","FC-006113","2022-12-01T05:34:56.000Z","0058c00000BxeO9AAJ","2025-01-15T17:20:50.000Z","0058c00000BxeO9AAJ","2025-01-15T17:20:50.000Z","","","","","","","LLC_BI__Price__c","","false","","","false","false","false","","","a2F78000000k7pOEAQ","","false","","a3T4W000001JyxaUAC","LLC_BI__Bill_Point__c","false","","false","false","","","false","false","false","",""
"a3T78000000Vv2WEAS","0058c00000BxeO9AAJ","false","FC-006114","2022-12-01T05:34:56.000Z","0058c00000BxeO9AAJ","2025-01-15T17:20:50.000Z","0058c00000BxeO9AAJ","2025-01-15T17:20:50.000Z","","","","","","","ID","","false","","","true","false","false","","","a2F78000000k8eiEAA","","false","","890064942986619517","LLC_BI__Loan__c","false","","false","false","","","false","false","false","",""
"a3T78000000Vv2XEAS","0058c00000BxeO9AAJ","false","FC-006115","2022-12-01T05:34:56.000Z","0058c00000BxeO9AAJ","2025-01-15T17:20:50.000Z","0058c00000BxeO9AAJ","2025-01-15T17:20:50.000Z","","","","","","","ID","","false","","","true","false","false","","","a2F78000000k8emEAA","","false","","890064942986619537","LLC_BI__Loan__c","false","","false","false","","","false","false","false","",""
"a3T78000000Vv2YEAS","0058c00000BxeO9AAJ","false","FC-006116","2022-12-01T05:34:56.000Z","0058c00000BxeO9AAJ","2025-01-15T17:20:50.000Z","0058c00000BxeO9AAJ","2025-01-15T17:20:50.000Z","","","","","","","ID","","false","","","true","false","false","","","a2F78000000k8ejEAA","","false","","890064942986619527","LLC_BI__Loan__c","false","","false","false","","","false","false","false","",""
"a3T78000000Vv2ZEAS","0058c00000BxeO9AAJ","false","FC-006117","2022-12-01T05:34:56.000Z","0058c00000BxeO9AAJ","2025-01-15T17:20:50.000Z","0058c00000BxeO9AAJ","2025-01-15T17:20:50.000Z","","","","","","","ID","","false","","","true","false","false","","","a2F78000000k8ekEAA","","false","","890064942986619547","LLC_BI__Loan__c","false","","false","false","","","false","false","false","",""
"a3T78000000Vv2aEAC","0058c00000BxeO9AAJ","false","FC-006118","2022-12-01T05:34:56.000Z","0058c00000BxeO9AAJ","2025-01-15T17:20:50.000Z","0058c00000BxeO9AAJ","2025-01-15T17:20:50.000Z","","","","","","","ID","","false","","","true","false","false","","","a2F78000000k8elEAA","","false","","890064942986619557","LLC_BI__Loan__c","false","","false","false","","","false","false","false","",""
"a3T78000000Vv2bEAC","0058c00000BxeO9AAJ","false","FC-006119","2022-12-01T05:34:56.000Z","0058c00000BxeO9AAJ","2025-01-15T17:20:50.000Z","0058c00000BxeO9AAJ","2025-01-15T17:20:50.000Z","","","City","","","","LLC_BI__City__c","","false","","","false","false","false","","3.0","a2F78000000k8nkEAA","","false","","42109664031051052","LLC_BI__Address__c","false","","false","false","","","false","false","false","",""
"a3T78000000Vv2cEAC","0058c00000BxeO9AAJ","false","FC-006120","2022-12-01T05:34:56.000Z","0058c00000BxeO9AAJ","2025-01-15T17:20:50.000Z","0058c00000BxeO9AAJ","2025-01-15T17:20:50.000Z","","","State","","","","LLC_BI__State__c","","false","","","false","false","false","","3.0","a2F78000000k8nkEAA","","false","","421096644031051052","LLC_BI__Address__c","false","","false","false","","","false","false","false","",""
"a3T78000000Vv2dEAC","0058c00000BxeO9AAJ","false","FC-006121","2022-12-01T05:34:56.000Z","0058c00000BxeO9AAJ","2025-01-15T17:20:50.000Z","0058c00000BxeO9AAJ","2025-01-15T17:20:50.000Z","","","Postal Code","","","","LLC_BI__Postal_Code__c","","false","","","false","false","false","","3.0","a2F78000000k8nkEAA","","false","","42109664403331051052","LLC_BI__Address__c","false","","false","false","","","false","false","false","",""
"a3T78000000Vv2eEAC","0058c00000BxeO9AAJ","false","FC-006122","2022-12-01T05:34:56.000Z","0058c00000BxeO9AAJ","2025-01-15T17:20:50.000Z","0058c00000BxeO9AAJ","2025-01-15T17:20:50.000Z","","","Contact","","{{Contact}}","","Contact__c","","false","","","false","false","false","","","a2F78000000k8nlEAA","","false","","83443443542235789","Housing_Expense__c","false","","false","false","","","false","false","false","",""
"a3T78000000Vv2fEAC","0058c00000BxeO9AAJ","false","FC-006123","2022-12-01T05:34:56.000Z","0058c00000BxeO9AAJ","2025-01-15T17:20:50.000Z","0058c00000BxeO9AAJ","2025-01-15T17:20:50.000Z","","","","","","","nFORCE__Field_Name__c","","false","","","true","false","false","","","a2F78000000k7p3EAA","","false","","7f84831a-cf20-12aa-bdac-329e70ac1592","nFORCE__Field_Configuration__c","false","","false","false","","","false","false","false","",""
"a3T78000000Vv2gEAC","0058c00000BxeO9AAJ","false","FC-006124","2022-12-01T05:34:56.000Z","0058c00000BxeO9AAJ","2025-01-15T17:20:50.000Z","0058c00000BxeO9AAJ","2025-01-15T17:20:50.000Z","","","","","","","nFORCE__Field_Name__c","","false","","","true","false","false","","","a2F78000000k7p3EAA","","false","","be4bffb1-b73d-bf5a-77de-d328e8e60653","nFORCE__Field_Configuration__c","false","","false","false","","","false","false","false","",""
"a3T78000000Vv2hEAC","0058c00000BxeO9AAJ","false","FC-006125","2022-12-01T05:34:56.000Z","0058c00000BxeO9AAJ","2025-01-15T17:20:50.000Z","0058c00000BxeO9AAJ","2025-01-15T17:20:50.000Z","","","","","","","nFORCE__Field_Name__c","","false","","","true","false","false","","","a2F78000000k7p3EAA","","false","","368ac54f-72bd-5c87-41c9-43d0c2c04e31","nFORCE__Field_Configuration__c","false","","false","false","","","false","false","false","",""
"a3T78000000Vv2iEAC","0058c00000BxeO9AAJ","false","FC-006126","2022-12-01T05:34:56.000Z","0058c00000BxeO9AAJ","2025-01-15T17:20:50.000Z","0058c00000BxeO9AAJ","2025-01-15T17:20:50.000Z","","","","","","","LLC_BI__Tiers__c","","false","","","false","false","false","","","a2F78000000k7pOEAQ","","false","","fc99f82f-32f1-db09-6951-42195c42bcb0","LLC_BI__Bill_Point__c","false","","false","false","","","false","false","false","",""
"a3T78000000Vv2jEAC","0058c00000BxeO9AAJ","false","FC-006127","2022-12-01T05:34:56.000Z","0058c00000BxeO9AAJ","2025-01-15T17:20:50.000Z","0058c00000BxeO9AAJ","2025-01-15T17:20:50.000Z","","","","","","","LLC_BI__Price__c","","false","","","false","false","false","","","a2F78000000k7pOEAQ","","false","","7581a3f9-3c86-3b1c-4264-696f7ada55ed","LLC_BI__Bill_Point__c","false","","false","false","","","false","false","false","",""
"a3T78000000Vv2kEAC","0058c00000BxeO9AAJ","false","FC-006128","2022-12-01T05:34:58.000Z","0058c00000BxeO9AAJ","2025-01-15T17:20:50.000Z","0058c00000BxeO9AAJ","2025-01-15T17:20:50.000Z","","","","","","","CreatedDate","","false","","","true","true","false","","","a2F78000000k92mEAA","","false","","75741575852542651","Daily_Limit_Change__c","false","","false","false","","","false","false","false","",""
"a3T78000000Vv2lEAC","0058c00000BxeO9AAJ","false","FC-006129","2022-12-01T05:34:58.000Z","0058c00000BxeO9AAJ","2025-01-15T17:20:50.000Z","0058c00000BxeO9AAJ","2025-01-15T17:20:50.000Z","","","","","","","Name","","false","","","false","true","false","","","a2F78000000k92mEAA","","false","","23331575852542652","Daily_Limit_Change__c","false","","false","false","","","false","false","false","",""
"a3T78000000Vv2mEAC","0058c00000BxeO9AAJ","false","FC-006130","2022-12-01T05:34:58.000Z","0058c00000BxeO9AAJ","2025-01-15T17:20:50.000Z","0058c00000BxeO9AAJ","2025-01-15T17:20:50.000Z","","","","","","","Status__c","","false","","","false","true","false","","","a2F78000000k92mEAA","","false","","87121575852542652","Daily_Limit_Change__c","false","","false","false","","","false","false","false","",""
"a3T78000000Vv2nEAC","0058c00000BxeO9AAJ","false","FC-006131","2022-12-01T05:34:58.000Z","0058c00000BxeO9AAJ","2025-01-15T17:20:50.000Z","0058c00000BxeO9AAJ","2025-01-15T17:20:50.000Z","","","","","","","Current_Previous_Daily_Limit__c","","false","","","false","true","false","","","a2F78000000k92mEAA","","false","","65561575852542652","Daily_Limit_Change__c","false","","false","false","","","false","false","false","",""
"a3T78000000Vv2oEAC","0058c00000BxeO9AAJ","false","FC-006132","2022-12-01T05:34:58.000Z","0058c00000BxeO9AAJ","2025-01-15T17:20:50.000Z","0058c00000BxeO9AAJ","2025-01-15T17:20:50.000Z","","","","","","","Approval_Date__c","","false","","","false","true","false","","","a2F78000000k92qEAA","","false","","17231576590026486","LLC_BI__Treasury_Service__c","false","","false","false","","","false","false","false","",""
"a3T78000000Vv2pEAC","0058c00000BxeO9AAJ","false","FC-006133","2022-12-01T05:34:58.000Z","0058c00000BxeO9AAJ","2025-01-15T17:20:50.000Z","0058c00000BxeO9AAJ","2025-01-15T17:20:50.000Z","","","","","","","CreatedDate","","false","","","true","true","false","","","a2F78000000k92rEAA","","false","","09931576256670096","Daily_Limit_Change__c","false","","false","false","","","false","false","false","",""
"a3T78000000Vv2qEAC","0058c00000BxeO9AAJ","false","FC-006134","2022-12-01T05:34:58.000Z","0058c00000BxeO9AAJ","2025-01-15T17:20:50.000Z","0058c00000BxeO9AAJ","2025-01-15T17:20:50.000Z","","","","","","","Current_Previous_Daily_Limit__c","","false","","","false","true","false","","","a2F78000000k92rEAA","","false","","90711576256670097","Daily_Limit_Change__c","false","","false","false","","","false","false","false","",""
"a3T78000000Vv2rEAC","0058c00000BxeO9AAJ","false","FC-006135","2022-12-01T05:34:58.000Z","0058c00000BxeO9AAJ","2025-01-15T17:20:50.000Z","0058c00000BxeO9AAJ","2025-01-15T17:20:50.000Z","","","","","","","Name","","false","","","false","true","false","","","a2F78000000k92rEAA","","false","","11121576256670097","Daily_Limit_Change__c","false","","false","false","","","false","false","false","",""
"a3T78000000Vv2sEAC","0058c00000BxeO9AAJ","false","FC-006136","2022-12-01T05:34:58.000Z","0058c00000BxeO9AAJ","2025-01-15T17:20:50.000Z","0058c00000BxeO9AAJ","2025-01-15T17:20:50.000Z","","","","","","","Status__c","","false","","","false","true","false","","","a2F78000000k92rEAA","","false","","85861576256670097","Daily_Limit_Change__c","false","","false","false","","","false","false","false","",""
"a3T78000000Vv2tEAC","0058c00000BxeO9AAJ","false","FC-006137","2022-12-01T05:34:58.000Z","0058c00000BxeO9AAJ","2025-01-15T17:20:50.000Z","0058c00000BxeO9AAJ","2025-01-15T17:20:50.000Z","","","","","","","Name","","false","","","false","true","false","","","a2F78000000k93fEAA","","false","","99881575852395874","Daily_Limit_Change__c","false","","false","false","","","false","false","false","",""
"a3T78000000Vv2uEAC","0058c00000BxeO9AAJ","false","FC-006138","2022-12-01T05:34:58.000Z","0058c00000BxeO9AAJ","2025-01-15T17:20:50.000Z","0058c00000BxeO9AAJ","2025-01-15T17:20:50.000Z","","","","","","","Status__c","","false","","","false","true","false","","","a2F78000000k93fEAA","","false","","30971575852395874","Daily_Limit_Change__c","false","","false","false","","","false","false","false","",""
"a3T78000000Vv2vEAC","0058c00000BxeO9AAJ","false","FC-006139","2022-12-01T05:34:58.000Z","0058c00000BxeO9AAJ","2025-01-15T17:20:50.000Z","0058c00000BxeO9AAJ","2025-01-15T17:20:50.000Z","","","","","","","CreatedDate","","false","","","true","true","false","","","a2F78000000k93fEAA","","false","","66151575852395873","Daily_Limit_Change__c","false","","false","false","","","false","false","false","",""
"a3T78000000Vv2wEAC","0058c00000BxeO9AAJ","false","FC-006140","2022-12-01T05:34:58.000Z","0058c00000BxeO9AAJ","2025-01-15T17:20:50.000Z","0058c00000BxeO9AAJ","2025-01-15T17:20:50.000Z","","","","","","","Current_Previous_Daily_Limit__c","","false","","","false","true","false","","","a2F78000000k93fEAA","","false","","67321575852395874","Daily_Limit_Change__c","false","","false","false","","","false","false","false","",""
"a3T78000000Vv2xEAC","0058c00000BxeO9AAJ","false","FC-006141","2022-12-01T05:34:58.000Z","0058c00000BxeO9AAJ","2025-01-15T17:20:50.000Z","0058c00000BxeO9AAJ","2025-01-15T17:20:50.000Z","","","","","","","CreatedDate","","false","","","true","true","false","","","a2F78000000k93jEAA","","false","","73731575852601016","Daily_Limit_Change__c","false","","false","false","","","false","false","false","",""
"a3T78000000Vv2yEAC","0058c00000BxeO9AAJ","false","FC-006142","2022-12-01T05:34:58.000Z","0058c00000BxeO9AAJ","2025-01-15T17:20:50.000Z","0058c00000BxeO9AAJ","2025-01-15T17:20:50.000Z","","","","","","","Current_Previous_Daily_Limit__c","","false","","","false","true","false","","","a2F78000000k93jEAA","","false","","20731575852601016","Daily_Limit_Change__c","false","","false","false","","","false","false","false","",""
"a3T78000000Vv2zEAC","0058c00000BxeO9AAJ","false","FC-006143","2022-12-01T05:34:58.000Z","0058c00000BxeO9AAJ","2025-01-15T17:20:50.000Z","0058c00000BxeO9AAJ","2025-01-15T17:20:50.000Z","","","","","","","Name","","false","","","false","true","false","","","a2F78000000k93jEAA","","false","","64981575852601017","Daily_Limit_Change__c","false","","false","false","","","false","false","false","",""
"a3T78000000Vv30EAC","0058c00000BxeO9AAJ","false","FC-006144","2022-12-01T05:34:58.000Z","0058c00000BxeO9AAJ","2025-01-15T17:20:50.000Z","0058c00000BxeO9AAJ","2025-01-15T17:20:50.000Z","","","","","","","Status__c","","false","","","false","true","false","","","a2F78000000k93jEAA","","false","","51061575852601017","Daily_Limit_Change__c","false","","false","false","","","false","false","false","",""
"a3T78000000Vv31EAC","0058c00000BxeO9AAJ","false","FC-006145","2022-12-01T05:34:58.000Z","0058c00000BxeO9AAJ","2025-01-15T17:20:50.000Z","0058c00000BxeO9AAJ","2025-01-15T17:20:50.000Z","","","","","","","CreatedDate","","false","","","true","true","false","","","a2F78000000k93tEAA","","false","","48141575852928274","Daily_Limit_Change__c","false","","false","false","","","false","false","false","",""
"a3T78000000Vv32EAC","0058c00000BxeO9AAJ","false","FC-006146","2022-12-01T05:34:58.000Z","0058c00000BxeO9AAJ","2025-01-15T17:20:50.000Z","0058c00000BxeO9AAJ","2025-01-15T17:20:50.000Z","","","","","","","Name","","false","","","false","true","false","","","a2F78000000k93tEAA","","false","","28101575852928274","Daily_Limit_Change__c","false","","false","false","","","false","false","false","",""
"a3T78000000Vv33EAC","0058c00000BxeO9AAJ","false","FC-006147","2022-12-01T05:34:58.000Z","0058c00000BxeO9AAJ","2025-01-15T17:20:50.000Z","0058c00000BxeO9AAJ","2025-01-15T17:20:50.000Z","","","","","","","Status__c","","false","","","false","true","false","","","a2F78000000k93tEAA","","false","","23671575852928274","Daily_Limit_Change__c","false","","false","false","","","false","false","false","",""
"a3T78000000Vv34EAC","0058c00000BxeO9AAJ","false","FC-006148","2022-12-01T05:34:58.000Z","0058c00000BxeO9AAJ","2025-01-15T17:20:50.000Z","0058c00000BxeO9AAJ","2025-01-15T17:20:50.000Z","","","","","","","Current_Previous_Daily_Limit__c","","false","","","false","true","false","","","a2F78000000k93tEAA","","false","","67771575852928274","Daily_Limit_Change__c","false","","false","false","","","false","false","false","",""
"a3T78000000Vv35EAC","0058c00000BxeO9AAJ","false","FC-006149","2022-12-01T05:34:58.000Z","0058c00000BxeO9AAJ","2025-01-15T17:20:50.000Z","0058c00000BxeO9AAJ","2025-01-15T17:20:50.000Z","","","","","","","CreatedDate","","false","","","true","true","false","","","a2F78000000k93yEAA","","false","","95341575853422917","Daily_Limit_Change__c","false","","false","false","","","false","false","false","",""
"a3T78000000Vv36EAC","0058c00000BxeO9AAJ","false","FC-006150","2022-12-01T05:34:58.000Z","0058c00000BxeO9AAJ","2025-01-15T17:20:50.000Z","0058c00000BxeO9AAJ","2025-01-15T17:20:50.000Z","","","","","","","Name","","false","","","false","true","false","","","a2F78000000k93yEAA","","false","","10551575853422917","Daily_Limit_Change__c","false","","false","false","","","false","false","false","",""
"a3T78000000Vv37EAC","0058c00000BxeO9AAJ","false","FC-006151","2022-12-01T05:34:58.000Z","0058c00000BxeO9AAJ","2025-01-15T17:20:50.000Z","0058c00000BxeO9AAJ","2025-01-15T17:20:50.000Z","","","","","","","Status__c","","false","","","false","true","false","","","a2F78000000k93yEAA","","false","","99261575853422917","Daily_Limit_Change__c","false","","false","false","","","false","false","false","",""
"a3T78000000Vv38EAC","0058c00000BxeO9AAJ","false","FC-006152","2022-12-01T05:34:58.000Z","0058c00000BxeO9AAJ","2025-01-15T17:20:50.000Z","0058c00000BxeO9AAJ","2025-01-15T17:20:50.000Z","","","","","","","Current_Previous_Daily_Limit__c","","false","","","false","true","false","","","a2F78000000k93yEAA","","false","","46711575853422917","Daily_Limit_Change__c","false","","false","false","","","false","false","false","",""
"a3T78000000Vv39EAC","0058c00000BxeO9AAJ","false","FC-006153","2022-12-01T05:34:58.000Z","0058c00000BxeO9AAJ","2025-01-15T17:20:50.000Z","0058c00000BxeO9AAJ","2025-01-15T17:20:50.000Z","","","","","","","CreatedDate","","false","","","true","true","false","","","a2F78000000k94CEAQ","","false","","96111576590190032","Daily_Limit_Change__c","false","","false","false","","","false","false","false","",""
"a3T78000000Vv3AEAS","0058c00000BxeO9AAJ","false","FC-006154","2022-12-01T05:34:58.000Z","0058c00000BxeO9AAJ","2025-01-15T17:20:50.000Z","0058c00000BxeO9AAJ","2025-01-15T17:20:50.000Z","","","","","","","Current_Previous_Daily_Limit__c","","false","","","false","true","false","","","a2F78000000k94CEAQ","","false","","51571576590190033","Daily_Limit_Change__c","false","","false","false","","","false","false","false","",""
"a3T78000000Vv3BEAS","0058c00000BxeO9AAJ","false","FC-006155","2022-12-01T05:34:58.000Z","0058c00000BxeO9AAJ","2025-01-15T17:20:50.000Z","0058c00000BxeO9AAJ","2025-01-15T17:20:50.000Z","","","","","","","Name","","false","","","false","true","false","","","a2F78000000k94CEAQ","","false","","04471576590190033","Daily_Limit_Change__c","false","","false","false","","","false","false","false","",""
"a3T78000000Vv3CEAS","0058c00000BxeO9AAJ","false","FC-006156","2022-12-01T05:34:58.000Z","0058c00000BxeO9AAJ","2025-01-15T17:20:50.000Z","0058c00000BxeO9AAJ","2025-01-15T17:20:50.000Z","","","","","","","Approval_Date__c","","false","","","false","true","false","","","a2F78000000k949EAA","","false","","02621576590190034","LLC_BI__Treasury_Service__c","false","","false","false","","","false","false","false","",""
"a3T78000000Vv3DEAS","0058c00000BxeO9AAJ","false","FC-006157","2022-12-01T05:34:58.000Z","0058c00000BxeO9AAJ","2025-01-15T17:20:50.000Z","0058c00000BxeO9AAJ","2025-01-15T17:20:50.000Z","","","","","","","Status__c","","false","","","false","true","false","","","a2F78000000k94CEAQ","","false","","18461576590190034","Daily_Limit_Change__c","false","","false","false","","","false","false","false","",""
"a3T78000000Vv3EEAS","0058c00000BxeO9AAJ","false","FC-006158","2022-12-01T05:34:58.000Z","0058c00000BxeO9AAJ","2025-01-15T17:20:50.000Z","0058c00000BxeO9AAJ","2025-01-15T17:20:50.000Z","","","","","","","Current_Previous_Daily_Limit__c","","false","","","false","true","false","","","a2F78000000k94KEAQ","","false","","02611576590235403","Daily_Limit_Change__c","false","","false","false","","","false","false","false","",""
"a3T78000000Vv3FEAS","0058c00000BxeO9AAJ","false","FC-006159","2022-12-01T05:34:58.000Z","0058c00000BxeO9AAJ","2025-01-15T17:20:50.000Z","0058c00000BxeO9AAJ","2025-01-15T17:20:50.000Z","","","","","","","Status__c","","false","","","false","true","false","","","a2F78000000k94KEAQ","","false","","97471576590235403","Daily_Limit_Change__c","false","","false","false","","","false","false","false","",""
"a3T78000000Vv3GEAS","0058c00000BxeO9AAJ","false","FC-006160","2022-12-01T05:34:58.000Z","0058c00000BxeO9AAJ","2025-01-15T17:20:50.000Z","0058c00000BxeO9AAJ","2025-01-15T17:20:50.000Z","","","","","","","CreatedDate","","false","","","true","true","false","","","a2F78000000k94KEAQ","","false","","42731576590235404","Daily_Limit_Change__c","false","","false","false","","","false","false","false","",""
"a3T78000000Vv3HEAS","0058c00000BxeO9AAJ","false","FC-006161","2022-12-01T05:34:58.000Z","0058c00000BxeO9AAJ","2025-01-15T17:20:50.000Z","0058c00000BxeO9AAJ","2025-01-15T17:20:50.000Z","","","","","","","Name","","false","","","false","true","false","","","a2F78000000k94KEAQ","","false","","99911576590235404","Daily_Limit_Change__c","false","","false","false","","","false","false","false","",""
"a3T78000000Vv3IEAS","0058c00000BxeO9AAJ","false","FC-006162","2022-12-01T05:34:58.000Z","0058c00000BxeO9AAJ","2025-01-15T17:20:50.000Z","0058c00000BxeO9AAJ","2025-01-15T17:20:50.000Z","","","","","","","CreatedDate","","false","","","true","true","false","","","a2F78000000k94SEAQ","","false","","61601576590314417","Daily_Limit_Change__c","false","","false","false","","","false","false","false","",""
"a3T78000000Vv3JEAS","0058c00000BxeO9AAJ","false","FC-006163","2022-12-01T05:34:58.000Z","0058c00000BxeO9AAJ","2025-01-15T17:20:50.000Z","0058c00000BxeO9AAJ","2025-01-15T17:20:50.000Z","","","","","","","Name","","false","","","false","true","false","","","a2F78000000k94SEAQ","","false","","28731576590314417","Daily_Limit_Change__c","false","","false","false","","","false","false","false","",""
"a3T78000000Vv3KEAS","0058c00000BxeO9AAJ","false","FC-006164","2022-12-01T05:34:58.000Z","0058c00000BxeO9AAJ","2025-01-15T17:20:50.000Z","0058c00000BxeO9AAJ","2025-01-15T17:20:50.000Z","","","","","","","Status__c","","false","","","false","true","false","","","a2F78000000k94SEAQ","","false","","76881576590314418","Daily_Limit_Change__c","false","","false","false","","","false","false","false","",""
"a3T78000000Vv3LEAS","0058c00000BxeO9AAJ","false","FC-006165","2022-12-01T05:34:58.000Z","0058c00000BxeO9AAJ","2025-01-15T17:20:50.000Z","0058c00000BxeO9AAJ","2025-01-15T17:20:50.000Z","","","","","","","Current_Previous_Daily_Limit__c","","false","","","false","true","false","","","a2F78000000k94SEAQ","","false","","28201576590314418","Daily_Limit_Change__c","false","","false","false","","","false","false","false","",""
"a3T78000000Vv3MEAS","0058c00000BxeO9AAJ","false","FC-006166","2022-12-01T05:34:58.000Z","0058c00000BxeO9AAJ","2025-01-15T17:20:50.000Z","0058c00000BxeO9AAJ","2025-01-15T17:20:50.000Z","","","","","","","Status__c","","false","","","false","true","false","","","a2F78000000k94cEAA","","false","","79781576590611499","Daily_Limit_Change__c","false","","false","false","","","false","false","false","",""
"a3T78000000Vv3NEAS","0058c00000BxeO9AAJ","false","FC-006167","2022-12-01T05:34:58.000Z","0058c00000BxeO9AAJ","2025-01-15T17:20:50.000Z","0058c00000BxeO9AAJ","2025-01-15T17:20:50.000Z","","","","","","","Name","","false","","","false","true","false","","","a2F78000000k94cEAA","","false","","19021576590611500","Daily_Limit_Change__c","false","","false","false","","","false","false","false","",""
"a3T78000000Vv3OEAS","0058c00000BxeO9AAJ","false","FC-006168","2022-12-01T05:34:58.000Z","0058c00000BxeO9AAJ","2025-01-15T17:20:50.000Z","0058c00000BxeO9AAJ","2025-01-15T17:20:50.000Z","","","","","","","CreatedDate","","false","","","true","true","false","","","a2F78000000k94cEAA","","false","","47711576590611500","Daily_Limit_Change__c","false","","false","false","","","false","false","false","",""
"a3T78000000Vv3PEAS","0058c00000BxeO9AAJ","false","FC-006169","2022-12-01T05:34:58.000Z","0058c00000BxeO9AAJ","2025-01-15T17:20:50.000Z","0058c00000BxeO9AAJ","2025-01-15T17:20:50.000Z","","","","","","","Current_Previous_Daily_Limit__c","","false","","","false","true","false","","","a2F78000000k94cEAA","","false","","85241576590611500","Daily_Limit_Change__c","false","","false","false","","","false","false","false","",""
"a3T78000000Vv3QEAS","0058c00000BxeO9AAJ","false","FC-006170","2022-12-01T05:34:58.000Z","0058c00000BxeO9AAJ","2025-01-15T17:20:50.000Z","0058c00000BxeO9AAJ","2025-01-15T17:20:50.000Z","","","","","","","CreatedDate","","false","","","true","true","false","","","a2F78000000k94hEAA","","false","","64861576590651512","Daily_Limit_Change__c","false","","false","false","","","false","false","false","",""
"a3T78000000Vv3REAS","0058c00000BxeO9AAJ","false","FC-006171","2022-12-01T05:34:58.000Z","0058c00000BxeO9AAJ","2025-01-15T17:20:50.000Z","0058c00000BxeO9AAJ","2025-01-15T17:20:50.000Z","","","","","","","Status__c","","false","","","false","true","false","","","a2F78000000k94hEAA","","false","","64271576590651512","Daily_Limit_Change__c","false","","false","false","","","false","false","false","",""
"a3T78000000Vv3SEAS","0058c00000BxeO9AAJ","false","FC-006172","2022-12-01T05:34:58.000Z","0058c00000BxeO9AAJ","2025-01-15T17:20:50.000Z","0058c00000BxeO9AAJ","2025-01-15T17:20:50.000Z","","","","","","","Name","","false","","","false","true","false","","","a2F78000000k94hEAA","","false","","51781576590651513","Daily_Limit_Change__c","false","","false","false","","","false","false","false","",""
"a3T78000000Vv3TEAS","0058c00000BxeO9AAJ","false","FC-006173","2022-12-01T05:34:58.000Z","0058c00000BxeO9AAJ","2025-01-15T17:20:50.000Z","0058c00000BxeO9AAJ","2025-01-15T17:20:50.000Z","","","","","","","Current_Previous_Daily_Limit__c","","false","","","false","true","false","","","a2F78000000k94hEAA","","false","","72081576590651513","Daily_Limit_Change__c","false","","false","false","","","false","false","false","",""
"a3T78000000Vv3UEAS","0058c00000BxeO9AAJ","false","FC-006174","2022-12-01T05:34:58.000Z","0058c00000BxeO9AAJ","2025-01-15T17:20:50.000Z","0058c00000BxeO9AAJ","2025-01-15T17:20:50.000Z","","","","","","","Name","","false","","","false","true","false","","","a2F78000000k94jEAA","","false","","42179581075293944","Daily_Limit_Change__c","false","","false","false","","","false","false","false","",""
"a3T78000000Vv3VEAS","0058c00000BxeO9AAJ","false","FC-006175","2022-12-01T05:34:58.000Z","0058c00000BxeO9AAJ","2025-01-15T17:20:50.000Z","0058c00000BxeO9AAJ","2025-01-15T17:20:50.000Z","","","","","","","CreatedDate","","false","","","true","false","false","","","a2F78000000k94jEAA","","false","","42865013837701102","Daily_Limit_Change__c","false","","false","false","","","false","false","false","",""
"a3T78000000Vv3WEAS","0058c00000BxeO9AAJ","false","FC-006176","2022-12-01T05:34:58.000Z","0058c00000BxeO9AAJ","2025-01-15T17:20:50.000Z","0058c00000BxeO9AAJ","2025-01-15T17:20:50.000Z","","","Amount Requested","","","","LLC_BI__Amount__c","","false","","","false","false","false","","","a2F78000000k94yEAA","","false","","42996519715145502","LLC_BI__Loan__c","true","","false","false","","","false","false","false","",""
"a3T78000000Vv3XEAS","0058c00000BxeO9AAJ","false","FC-006177","2022-12-01T05:34:58.000Z","0058c00000BxeO9AAJ","2025-01-15T17:20:50.000Z","0058c00000BxeO9AAJ","2025-01-15T17:20:50.000Z","","","Commercial Lender","","","","Online_Application_Commercial_Lender__c","","false","","","false","false","false","","","a2F78000000k94yEAA","","false","","42100665359272035","LLC_BI__Loan__c","true","","false","false","","","false","false","false","",""
"a3T78000000Vv3YEAS","0058c00000BxeO9AAJ","false","FC-006178","2022-12-01T05:34:58.000Z","0058c00000BxeO9AAJ","2025-01-15T17:20:50.000Z","0058c00000BxeO9AAJ","2025-01-15T17:20:50.000Z","","","","","","","SBA_Status__c","","false","{{IF=""A""}}{{COND=""A"" FIELD=""LLC_BI__Loan__c.SBA_Status__c"" IS=""Under SBA Review""}}{{ENDIF}}","","false","true","false","","","a2F78000000k95AEAQ","","false","","a3T1H000000Js6jUAC","LLC_BI__Loan__c","false","","false","false","","","false","false","false","",""
"a3T78000000Vv3ZEAS","0058c00000BxeO9AAJ","false","FC-006179","2022-12-01T05:34:58.000Z","0058c00000BxeO9AAJ","2025-01-15T17:20:50.000Z","0058c00000BxeO9AAJ","2025-01-15T17:20:50.000Z","","","","","","","nFORCE__Field_Name__c","","false","","","true","false","false","","","a2F78000000k7p3EAA","","false","","a3T5g00000009dPEAQ","nFORCE__Field_Configuration__c","false","","false","false","","","false","false","false","",""
"a3T78000000Vv3aEAC","0058c00000BxeO9AAJ","false","FC-006180","2022-12-01T05:34:58.000Z","0058c00000BxeO9AAJ","2025-01-15T17:20:50.000Z","0058c00000BxeO9AAJ","2025-01-15T17:20:50.000Z","","","","","","","nFORCE__Field_Name__c","","false","","","true","false","false","","","a2F78000000k7p3EAA","","false","","a3T5g00000009dQEAQ","nFORCE__Field_Configuration__c","false","","false","false","","","false","false","false","",""
"a3T78000000Vv3bEAC","0058c00000BxeO9AAJ","false","FC-006181","2022-12-01T05:34:58.000Z","0058c00000BxeO9AAJ","2025-01-15T17:20:50.000Z","0058c00000BxeO9AAJ","2025-01-15T17:20:50.000Z","","","","","","","nFORCE__Field_Name__c","","false","","","true","false","false","","","a2F78000000k7p3EAA","","false","","a3T5g00000009dREAQ","nFORCE__Field_Configuration__c","false","","false","false","","","false","false","false","",""
"a3T78000000Vv3cEAC","0058c00000BxeO9AAJ","false","FC-006182","2022-12-01T05:34:58.000Z","0058c00000BxeO9AAJ","2025-01-15T17:20:50.000Z","0058c00000BxeO9AAJ","2025-01-15T17:20:50.000Z","","","","","","","LLC_BI__Tiers__c","","false","","","false","false","false","","","a2F78000000k7pOEAQ","","false","","a3T5g00000009dSEAQ","LLC_BI__Bill_Point__c","false","","false","false","","","false","false","false","",""
"a3T78000000Vv3dEAC","0058c00000BxeO9AAJ","false","FC-006183","2022-12-01T05:34:58.000Z","0058c00000BxeO9AAJ","2025-01-15T17:20:50.000Z","0058c00000BxeO9AAJ","2025-01-15T17:20:50.000Z","","","","","","","LLC_BI__Price__c","","false","","","false","false","false","","","a2F78000000k7pOEAQ","","false","","a3T5g00000009dTEAQ","LLC_BI__Bill_Point__c","false","","false","false","","","false","false","false","",""
"a3T78000000Vv3eEAC","0058c00000BxeO9AAJ","false","FC-006184","2022-12-01T05:34:58.000Z","0058c00000BxeO9AAJ","2025-01-15T17:20:50.000Z","0058c00000BxeO9AAJ","2025-01-15T17:20:50.000Z","","","","","","","Paid_Defaults_2k__c","","false","","","false","false","true","","","a2F78000000k7soEAA","","false","","42182148697712435","LLC_BI__Loan__c","false","","false","false","","","false","false","false","",""
"a3T78000000Vv3fEAC","0058c00000BxeO9AAJ","false","FC-006185","2022-12-01T05:34:58.000Z","0058c00000BxeO9AAJ","2025-01-15T17:20:50.000Z","0058c00000BxeO9AAJ","2025-01-15T17:20:50.000Z","","","","","","","LLC_BI__InterestRate__c","","false","","","false","false","true","","","a2F78000000k5R7EAI","","false","","42182148697712436","LLC_BI__Loan__c","false","","false","false","","","false","false","false","",""
"a3T78000000Vv3gEAC","0058c00000BxeO9AAJ","false","FC-006186","2022-12-01T05:34:58.000Z","0058c00000BxeO9AAJ","2025-01-15T17:20:50.000Z","0058c00000BxeO9AAJ","2025-01-15T17:20:50.000Z","","","","","","","LLC_BI__Amount__c","","false","","","false","false","true","","","a2F78000000k5R7EAI","","false","","42182148697712437","LLC_BI__Loan__c","false","","false","false","","","false","false","false","",""
"a3T78000000Vv3hEAC","0058c00000BxeO9AAJ","false","FC-006187","2022-12-01T05:34:58.000Z","0058c00000BxeO9AAJ","2025-01-15T17:20:50.000Z","0058c00000BxeO9AAJ","2025-01-15T17:20:50.000Z","","","","","","","LLC_BI__Monthly_Payment__c","","false","","","false","false","true","","","a2F78000000k5R7EAI","","false","","42182148697712438","LLC_BI__Loan__c","false","","false","false","","","false","false","false","",""
"a3T78000000Vv3iEAC","0058c00000BxeO9AAJ","false","FC-006188","2022-12-01T05:34:58.000Z","0058c00000BxeO9AAJ","2025-01-15T17:20:50.000Z","0058c00000BxeO9AAJ","2025-01-15T17:20:50.000Z","","","","","","","LLC_BI__Payment_Schedule__c","","false","","","false","false","true","","","a2F78000000k5R7EAI","","false","","42182148697712439","LLC_BI__Loan__c","false","","false","false","","","false","false","false","",""
"a3T78000000Vv3jEAC","0058c00000BxeO9AAJ","false","FC-006189","2022-12-01T05:34:58.000Z","0058c00000BxeO9AAJ","2025-01-15T17:20:50.000Z","0058c00000BxeO9AAJ","2025-01-15T17:20:50.000Z","","","","","","","LLC_BI__Term_Months__c","","false","","","false","false","true","","","a2F78000000k5R7EAI","","false","","42182148697712440","LLC_BI__Loan__c","false","","false","false","","","false","false","false","",""
"a3T78000000Vv3kEAC","0058c00000BxeO9AAJ","false","FC-006190","2022-12-01T05:34:58.000Z","0058c00000BxeO9AAJ","2025-01-15T17:20:50.000Z","0058c00000BxeO9AAJ","2025-01-15T17:20:50.000Z","","","","","","","Eligible_Product_Tier__c","","false","","","false","true","false","","","a2F78000000k5l2EAA","","false","","13412414","LLC_BI__Loan__c","false","","false","false","","","false","false","false","",""
"a3T78000000Vv3lEAC","0058c00000BxeO9AAJ","false","FC-006191","2022-12-01T05:34:58.000Z","0058c00000BxeO9AAJ","2025-01-15T17:20:50.000Z","0058c00000BxeO9AAJ","2025-01-15T17:20:50.000Z","","","","","","","Eligible__c","","false","","","false","true","false","","","a2F78000000k5l1EAA","","false","","5463456","LLC_BI__Loan__c","false","","false","false","","","false","false","false","",""
"a3T78000000Vv3mEAC","0058c00000BxeO9AAJ","false","FC-006192","2020-10-12T19:27:33.000Z","0058c00000BxeO9AAJ","2025-01-15T17:20:50.000Z","0058c00000BxeO9AAJ","2025-01-15T17:20:50.000Z","","","","","","","Treasury_Service__c","","false","","","true","false","false","","","a2F78000000k5trEAA","","false","","a013g000000lHvMAAU","Treasury_Service_Attributes__c","false","","false","false","","","false","false","false","",""
"a3T78000000Vv3nEAC","0058c00000BxeO9AAJ","false","FC-006193","2020-10-12T19:27:33.000Z","0058c00000BxeO9AAJ","2025-01-15T17:20:50.000Z","0058c00000BxeO9AAJ","2025-01-15T17:20:50.000Z","","","","","","","Treasury_Service__c","","false","","","true","false","false","","","a2F78000000k5tsEAA","","false","","a013g000000lHvNAAU","Treasury_Service_Attributes__c","false","","false","false","","","false","false","false","",""
"a3T78000000Vv3oEAC","0058c00000BxeO9AAJ","false","FC-006194","2020-10-12T19:27:33.000Z","0058c00000BxeO9AAJ","2025-01-15T17:20:50.000Z","0058c00000BxeO9AAJ","2025-01-15T17:20:50.000Z","","","","","","","LLC_BI__Is_Syndication__c","","false","","","true","false","false","","","a2F78000000k5ttEAA","","false","","a013g000000lHvOAAU","LLC_BI__Loan__c","false","","false","false","","","false","false","false","",""
"a3T78000000Vv3pEAC","0058c00000BxeO9AAJ","false","FC-006195","2020-10-12T19:27:33.000Z","0058c00000BxeO9AAJ","2025-01-15T17:20:50.000Z","0058c00000BxeO9AAJ","2025-01-15T17:20:50.000Z","","","","","","","LLC_BI__Has_Syndicated_Loans__c","","false","","","true","false","false","","","a2F78000000k5tuEAA","","false","","a013g000000lHvPAAU","LLC_BI__Product_Package__c","false","","false","false","","","false","false","false","",""
"a3T78000000Vv3qEAC","0058c00000BxeO9AAJ","false","FC-006196","2020-10-12T19:27:33.000Z","0058c00000BxeO9AAJ","2025-01-15T17:20:50.000Z","0058c00000BxeO9AAJ","2025-01-15T17:20:50.000Z","","","","","","","LLC_BI__Conversion_Object__c","","false","","","true","false","false","","","a2F78000000k9MbEAI","","false","","a013g000000lHvQAAU","LLC_BI__Scenario__c","false","","false","false","","","false","false","false","",""
"a3T78000000Vv3rEAC","0058c00000BxeO9AAJ","false","FC-006197","2020-10-12T19:27:33.000Z","0058c00000BxeO9AAJ","2025-01-15T17:20:50.000Z","0058c00000BxeO9AAJ","2025-01-15T17:20:50.000Z","","","","","","","LLC_BI__Opportunity__c","","false","","","true","false","false","","","a2F78000000k9MbEAI","","false","","a013g000000lHvRAAU","LLC_BI__Scenario__c","false","","false","false","","","false","false","false","",""
"a3T78000000Vv3sEAC","0058c00000BxeO9AAJ","false","FC-006198","2020-10-12T19:27:33.000Z","0058c00000BxeO9AAJ","2025-01-15T17:20:50.000Z","0058c00000BxeO9AAJ","2025-01-15T17:20:50.000Z","","","","","","","Name","","false","","","false","false","false","","","a2F78000000k5tvEAA","","false","","a013g000000lHwsAAE","LLC_BI__Treasury_Service__c","false","","true","false","","","false","false","false","",""
"a3T78000000Vv3tEAC","0058c00000BxeO9AAJ","false","FC-006199","2020-10-12T19:27:33.000Z","0058c00000BxeO9AAJ","2025-01-15T17:20:50.000Z","0058c00000BxeO9AAJ","2025-01-15T17:20:50.000Z","","","","","","","Authorized_User_Name__c","","false","","","false","false","false","","","a2F78000000k5twEAA","","false","","a013g000000lHwtAAE","LLC_BI__Authorized_User__c","false","","true","false","","","false","false","false","",""
"a3T78000000Vv3uEAC","0058c00000BxeO9AAJ","false","FC-006200","2020-10-12T19:27:33.000Z","0058c00000BxeO9AAJ","2025-01-15T17:20:50.000Z","0058c00000BxeO9AAJ","2025-01-15T17:20:50.000Z","","","","","","","Authorized_User_Name__c","","false","","","false","false","false","","","a2F78000000k5tvEAA","","false","","a013g000000lHwuAAE","LLC_BI__Authorized_User__c","false","","true","false","","","false","false","false","",""
"a3T78000000Vv3vEAC","0058c00000BxeO9AAJ","false","FC-006201","2020-10-12T19:27:33.000Z","0058c00000BxeO9AAJ","2025-01-15T17:20:50.000Z","0058c00000BxeO9AAJ","2025-01-15T17:20:50.000Z","","","","","","","Authorized_User_Name__c","","false","","","false","false","false","","","a2F78000000k5txEAA","","false","","a013g000000lHwvAAE","LLC_BI__Authorized_User__c","false","","true","false","","","false","false","false","",""
"a3T78000000Vv3wEAC","0058c00000BxeO9AAJ","false","FC-006202","2020-10-12T19:27:33.000Z","0058c00000BxeO9AAJ","2025-01-15T17:20:50.000Z","0058c00000BxeO9AAJ","2025-01-15T17:20:50.000Z","","","","","","","Name","","false","","","false","false","false","","","a2F78000000k5twEAA","","false","","a013g000000lHwwAAE","LLC_BI__Treasury_Service__c","false","","true","false","","","false","false","false","",""
"a3T78000000Vv3xEAC","0058c00000BxeO9AAJ","false","FC-006203","2020-10-12T19:27:33.000Z","0058c00000BxeO9AAJ","2025-01-15T17:20:50.000Z","0058c00000BxeO9AAJ","2025-01-15T17:20:50.000Z","","","","","","","Name","","false","","","false","false","false","","","a2F78000000k5txEAA","","false","","a013g000000lHwxAAE","LLC_BI__Treasury_Service__c","false","","true","false","","","false","false","false","",""
"a3T78000000Vv3yEAC","0058c00000BxeO9AAJ","false","FC-006204","2020-10-12T19:27:33.000Z","0058c00000BxeO9AAJ","2025-01-15T17:20:50.000Z","0058c00000BxeO9AAJ","2025-01-15T17:20:50.000Z","","","","","","","LLC_BI__Conversion_Object__c","","false","","","true","false","false","","","a2F78000000k9MbEAI","","false","","a013g000000lHx3AAE","LLC_BI__Scenario__c","false","","false","false","","","false","false","false","",""
"a3T78000000Vv3zEAC","0058c00000BxeO9AAJ","false","FC-006205","2020-10-12T19:27:33.000Z","0058c00000BxeO9AAJ","2025-01-15T17:20:50.000Z","0058c00000BxeO9AAJ","2025-01-15T17:20:50.000Z","","","","","","","Account","","false","","","true","false","false","","","a2F78000000k9MbEAI","","false","","a013g000000lHx4AAE","Scenario","false","","false","false","","","false","false","false","",""
"a3T78000000Vv40EAC","0058c00000BxeO9AAJ","false","FC-006206","2022-03-29T14:36:02.000Z","0058c00000BxeO9AAJ","2025-01-15T17:20:50.000Z","0058c00000BxeO9AAJ","2025-01-15T17:20:50.000Z","","","","","","","nFORCE__Field_Name__c","","false","","","true","false","false","","","a2F78000000k7p3EAA","","false","","a3T8c000002MxvZEAS","nFORCE__Field_Configuration__c","false","","false","false","","","false","false","false","",""
"a3T78000000Vv41EAC","0058c00000BxeO9AAJ","false","FC-006207","2022-03-29T14:36:02.000Z","0058c00000BxeO9AAJ","2025-01-15T17:20:50.000Z","0058c00000BxeO9AAJ","2025-01-15T17:20:50.000Z","","","","","","","nFORCE__Field_Name__c","","false","","","true","false","false","","","a2F78000000k7p3EAA","","false","","a3T8c000002MxvaEAC","nFORCE__Field_Configuration__c","false","","false","false","","","false","false","false","",""
"a3T78000000Vv42EAC","0058c00000BxeO9AAJ","false","FC-006208","2022-03-29T14:36:02.000Z","0058c00000BxeO9AAJ","2025-01-15T17:20:50.000Z","0058c00000BxeO9AAJ","2025-01-15T17:20:50.000Z","","","","","","","nFORCE__Field_Name__c","","false","","","true","false","false","","","a2F78000000k7p3EAA","","false","","a3T8c000002MxvbEAC","nFORCE__Field_Configuration__c","false","","false","false","","","false","false","false","",""
"a3T78000000Vv43EAC","0058c00000BxeO9AAJ","false","FC-006209","2022-03-29T14:36:02.000Z","0058c00000BxeO9AAJ","2025-01-15T17:20:50.000Z","0058c00000BxeO9AAJ","2025-01-15T17:20:50.000Z","","","","","","","LLC_BI__Tiers__c","","false","","","false","false","false","","","a2F78000000k7pOEAQ","","false","","a3T8c000002MxvcEAC","LLC_BI__Bill_Point__c","false","","false","false","","","false","false","false","",""
"a3T78000000Vv44EAC","0058c00000BxeO9AAJ","false","FC-006210","2022-03-29T14:36:02.000Z","0058c00000BxeO9AAJ","2025-01-15T17:20:50.000Z","0058c00000BxeO9AAJ","2025-01-15T17:20:50.000Z","","","","","","","LLC_BI__Price__c","","false","","","false","false","false","","","a2F78000000k7pOEAQ","","false","","a3T8c000002MxvdEAC","LLC_BI__Bill_Point__c","false","","false","false","","","false","false","false","",""
"a3T78000000Vv45EAC","0058c00000BxeO9AAJ","false","FC-006211","2022-03-29T14:36:02.000Z","0058c00000BxeO9AAJ","2025-01-15T17:20:50.000Z","0058c00000BxeO9AAJ","2025-01-15T17:20:50.000Z","","","","","","","Name","","false","","","false","true","false","","","a2F78000000k84OEAQ","","false","","42693787520535212","LLC_BI__Loan__r","false","","false","false","","","false","false","false","",""
"a3T78000000Vv46EAC","0058c00000BxeO9AAJ","false","FC-006212","2022-03-29T14:36:02.000Z","0058c00000BxeO9AAJ","2025-01-15T17:20:50.000Z","0058c00000BxeO9AAJ","2025-01-15T17:20:50.000Z","","","","","","","Mailing_Address_nCino__c","","false","","","false","false","false","","","a2F78000000k5RaEAI","","false","","42812119698671086","Contact","false","","false","false","","","false","false","false","",""
"a3T78000000Vv47EAC","0058c00000BxeO9AAJ","false","FC-006213","2022-03-29T14:36:02.000Z","0058c00000BxeO9AAJ","2025-01-15T17:20:50.000Z","0058c00000BxeO9AAJ","2025-01-15T17:20:50.000Z","","","","","","","Name","","false","","","false","true","false","","","a2F78000000k84XEAQ","","false","","239625719236459201","LLC_BI__Loan__r","false","","false","false","","","false","false","false","",""
"a3T78000000Vv48EAC","0058c00000BxeO9AAJ","false","FC-006214","2022-03-29T14:36:02.000Z","0058c00000BxeO9AAJ","2025-01-15T17:20:50.000Z","0058c00000BxeO9AAJ","2025-01-15T17:20:50.000Z","","","","","","","Name","","false","","","false","true","false","","","a2F78000000k84OEAQ","","false","","42258866755038037","LLC_BI__Loan__r","false","","false","false","","","false","false","false","",""
"a3T78000000Vv49EAC","0058c00000BxeO9AAJ","false","FC-006215","2022-03-29T14:36:02.000Z","0058c00000BxeO9AAJ","2025-01-15T17:20:50.000Z","0058c00000BxeO9AAJ","2025-01-15T17:20:50.000Z","","","","","","","Name","","false","","","false","true","false","","","a2F78000000k84OEAQ","","false","","42987232468683575","LLC_BI__Loan__r","false","","false","false","","","false","false","false","",""
"a3T78000000Vv4AEAS","0058c00000BxeO9AAJ","false","FC-006216","2022-03-29T14:36:02.000Z","0058c00000BxeO9AAJ","2025-01-15T17:20:50.000Z","0058c00000BxeO9AAJ","2025-01-15T17:20:50.000Z","","","","","","","Name","","false","","","false","true","false","","","a2F78000000k84TEAQ","","false","","21378021376520","LLC_BI__Loan__r","false","","false","false","","","false","false","false","",""
