"Id","OwnerId","IsDeleted","Name","CreatedDate","CreatedById","LastModifiedDate","LastModifiedById","SystemModstamp","LastActivityDate","LastViewedDate","LastReferencedDate","nFORCE__Disable_Print__c","nFORCE__Show_Link_To_Context_Object__c","nFORCE__lookupKey__c","nPortal__Add_Multi_Record_Display_Icon__c","nPortal__Maximum_Number_of_Records__c","nPortal__Minimum_Number_of_Records__c","nPortal__OA_Review_Multiple_Record_Entry_Label__c"
"a2G4S0000006UOPUA2","0054S000000Ms6RQAS","","Standard Review Credit Memo (Account)","2020-06-02T17:59:20.000Z","0054S000000Ms6RQAS","2020-06-02T17:59:20.000Z","0054S000000Ms6RQAS","","","","","true","true","42379279229932235","","","",""
"a2G4S0000006UOQUA2","0054S000000Ms6RQAS","","Standard Product Package Credit Memo","2020-06-02T17:59:20.000Z","0054S000000Ms6RQAS","2020-06-02T17:59:20.000Z","0054S000000Ms6RQAS","","","","","true","true","42574703947997210","","","",""
"a2G4S0000006UORUA2","0054S000000Ms6RQAS","","Standard Loan Credit Memo","2020-06-02T17:59:20.000Z","0054S000000Ms6RQAS","2020-06-02T17:59:20.000Z","0054S000000Ms6RQAS","","","","","true","true","42891280917000827","","","",""
"a2G4S0000006UOSUA2","0054S000000Ms6RQAS","","Standard Loan Credit Memo","2020-06-02T17:59:20.000Z","0054S000000Ms6RQAS","2020-06-02T17:59:20.000Z","0054S000000Ms6RQAS","","","","","true","true","42121422784906499","","","",""
"a2G4S0000006UOTUA2","0054S000000Ms6RQAS","","Standard Loan Credit Memo","2020-06-02T17:59:20.000Z","0054S000000Ms6RQAS","2020-06-02T17:59:20.000Z","0054S000000Ms6RQAS","","","","","true","true","42140568475863973","","","",""
"a2G4S0000006UOUUA2","0054S000000Ms6RQAS","","Master Product Package Credit Memo","2020-06-02T17:59:20.000Z","0054S000000Ms6RQAS","2020-06-02T17:59:20.000Z","0054S000000Ms6RQAS","","","","","true","true","42513758426634757","","","",""
"a2G4S0000006UOVUA2","0054S000000Ms6RQAS","","Master Product Package Credit Memo","2020-06-02T17:59:20.000Z","0054S000000Ms6RQAS","2020-06-02T17:59:20.000Z","0054S000000Ms6RQAS","","","","","true","true","42062514183153675","","","",""
"a2G4S0000006UOWUA2","0054S000000Ms6RQAS","","Standard Loan Credit Memo","2020-06-02T17:59:20.000Z","0054S000000Ms6RQAS","2020-06-02T17:59:20.000Z","0054S000000Ms6RQAS","","","","","true","true","42286465180298091","","","",""
"a2G4S0000006UOXUA2","0054S000000Ms6RQAS","","Commercial Credit Memo","2020-06-02T17:59:20.000Z","0054S000000Ms6RQAS","2020-06-02T17:59:20.000Z","0054S000000Ms6RQAS","","","","","true","true","a034S000000EGwfQAG","","","",""
"a2G4S0000006UOYUA2","0054S000000Ms6RQAS","","Standard Loan Credit Memo","2020-06-02T17:59:20.000Z","0054S000000Ms6RQAS","2020-06-02T17:59:20.000Z","0054S000000Ms6RQAS","","","","","true","true","a034S000000EGwgQAG","","","",""
"a2G4S0000006UOZUA2","0054S000000Ms6RQAS","","Standard Product Package Credit Memo","2020-06-02T17:59:20.000Z","0054S000000Ms6RQAS","2020-06-02T17:59:20.000Z","0054S000000Ms6RQAS","","","","","true","true","a034S000000EGwkQAG","","","",""
"a2G4S0000006UOaUAM","0054S000000Ms6RQAS","","Standard Review Credit Memo (Account)","2020-06-02T17:59:20.000Z","0054S000000Ms6RQAS","2020-06-02T17:59:20.000Z","0054S000000Ms6RQAS","","","","","true","true","a034S000000EGwlQAG","","","",""
"a2G4S0000006UObUAM","0054S000000Ms6RQAS","","Standard Loan Commercial Credit Memo","2020-06-02T17:59:20.000Z","0054S000000Ms6RQAS","2020-06-02T17:59:20.000Z","0054S000000Ms6RQAS","","","","","true","true","a034S000000EGwjQAG","","","",""
"a2G4S0000006UOcUAM","0054S000000Ms6RQAS","","Standard Loan Commercial Credit Memo","2020-06-02T17:59:20.000Z","0054S000000Ms6RQAS","2020-06-02T17:59:20.000Z","0054S000000Ms6RQAS","","","","","true","true","a034S000000EGwiQAG","","","",""
"a2G4S0000006UOdUAM","0054S000000Ms6RQAS","","Standard Product Package Commercial Credit Memo","2020-06-02T17:59:20.000Z","0054S000000Ms6RQAS","2020-06-02T17:59:20.000Z","0054S000000Ms6RQAS","","","","","true","true","42512714037884785","","","",""
"a2G4S0000006UOeUAM","0054S000000Ms6RQAS","","Standard Loan Commercial Credit Memo","2020-06-02T17:59:20.000Z","0054S000000Ms6RQAS","2020-06-02T17:59:20.000Z","0054S000000Ms6RQAS","","","","","true","true","a034S000000EGwhQAG","","","",""
"a2G4S0000006UOfUAM","0054S000000Ms6RQAS","","Standard Review Credit Memo (Product Package)","2020-06-02T17:59:20.000Z","0054S000000Ms6RQAS","2020-06-02T17:59:20.000Z","0054S000000Ms6RQAS","","","","","true","true","a2G4S0000006UOf","","","",""
"a2G4S0000006UOgUAM","0054S000000Ms6RQAS","","Standard Product Package Credit Memo","2020-06-02T17:59:20.000Z","0054S000000Ms6RQAS","2020-06-02T17:59:20.000Z","0054S000000Ms6RQAS","","","","","true","true","42413872987117928","","","",""
"a2G4S0000006UOhUAM","0054S000000Ms6RQAS","","Standard Loan Credit Memo","2020-06-02T17:59:20.000Z","0054S000000Ms6RQAS","2020-06-02T17:59:20.000Z","0054S000000Ms6RQAS","","","","","true","true","42782339984939334","","","",""
"a2G4S0000006UOiUAM","0054S000000Ms6RQAS","","Standard Loan Credit Memo","2020-06-02T17:59:20.000Z","0054S000000Ms6RQAS","2020-06-02T17:59:20.000Z","0054S000000Ms6RQAS","","","","","true","true","42143688452125768","","","",""
"a2G4S0000006UOjUAM","0054S000000Ms6RQAS","","Standard Loan Credit Memo","2020-06-02T17:59:20.000Z","0054S000000Ms6RQAS","2020-06-02T17:59:20.000Z","0054S000000Ms6RQAS","","","","","true","true","42922771813354167","","","",""
"a2G4S0000006UOkUAM","0054S000000Ms6RQAS","","Product Package Credit Memo","2020-06-02T17:59:20.000Z","0054S000000Ms6RQAS","2020-06-02T17:59:20.000Z","0054S000000Ms6RQAS","","","","","false","true","42008465323753156","","","",""
"a2G4S0000006UOlUAM","0054S000000Ms6RQAS","","Product Package Credit Memo","2020-06-02T17:59:20.000Z","0054S000000Ms6RQAS","2020-06-02T17:59:20.000Z","0054S000000Ms6RQAS","","","","","false","true","42585795068864816","","","",""
"a2G4S0000006UOmUAM","0054S000000Ms6RQAS","","Product Package Credit Memo","2020-06-02T17:59:20.000Z","0054S000000Ms6RQAS","2020-06-02T17:59:20.000Z","0054S000000Ms6RQAS","","","","","false","true","42145159210960408","","","",""
"a2G4S0000006UOnUAM","0054S000000Ms6RQAS","","Standard Product Package Credit Memo","2020-06-02T17:59:20.000Z","0054S000000Ms6RQAS","2020-06-02T17:59:20.000Z","0054S000000Ms6RQAS","","","","","true","true","42581514825086265","","","",""
"a2G4S0000006UOoUAM","0054S000000Ms6RQAS","","Standard Product Package Credit Memo","2020-06-02T17:59:20.000Z","0054S000000Ms6RQAS","2020-06-02T17:59:20.000Z","0054S000000Ms6RQAS","","","","","true","true","42149563977299052","","","",""
"a2G4S0000006UOpUAM","0054S000000Ms6RQAS","","Standard Product Package Credit Memo","2020-06-02T17:59:20.000Z","0054S000000Ms6RQAS","2020-06-02T17:59:20.000Z","0054S000000Ms6RQAS","","","","","true","true","42171814193357772","","","",""
"a2G4S0000006UOqUAM","0054S000000Ms6RQAS","","Standard Loan Credit Memo","2020-06-02T17:59:20.000Z","0054S000000Ms6RQAS","2020-06-02T17:59:20.000Z","0054S000000Ms6RQAS","","","","","true","true","42131524291977109","","","",""
"a2G4S0000006UOrUAM","0054S000000Ms6RQAS","","Collateral-Real Estate","2020-06-02T17:59:20.000Z","0054S000000Ms6RQAS","2020-06-02T17:59:20.000Z","0054S000000Ms6RQAS","","","","","false","true","42875581032868363","","","",""
"a2G4S0000006UOsUAM","0054S000000SW21QAG","","Default Pledged Leased Asset Edit Screen","2020-06-02T17:59:20.000Z","0054S000000SW21QAG","2020-06-02T17:59:20.000Z","0054S000000SW21QAG","","","","","false","true","42524349854296463","","","",""
"a2G4S0000006UOtUAM","0054S000000Ms6RQAS","","Collateral-Titled","2020-06-02T17:59:20.000Z","0054S000000Ms6RQAS","2020-06-02T17:59:20.000Z","0054S000000Ms6RQAS","","","","","false","true","42229309426024690","","","",""
"a2G4S0000006UOuUAM","0054S000000Ms6RQAS","","Default Pledged Collateral Edit Screen","2020-06-02T17:59:20.000Z","0054S000000Ms6RQAS","2020-06-02T17:59:20.000Z","0054S000000Ms6RQAS","","","","","false","true","42871665770611153","","","",""
"a2G4S0000006UOvUAM","0054S000000Ms6RQAS","","Counterparty Report Topbar","2020-06-02T17:59:20.000Z","0054S000000Ms6RQAS","2020-06-02T17:59:20.000Z","0054S000000Ms6RQAS","","","","","false","true","42851832252859441","","","",""
"a2G4S0000006UOwUAM","0054S000000Ms6RQAS","","Treasury Service Maintenance","2020-06-02T17:59:20.000Z","0054S000000Ms6RQAS","2020-06-02T17:59:20.000Z","0054S000000Ms6RQAS","","","","","false","true","42992811933823016","","","",""
"a2G4S0000006UOxUAM","0054S000000Ms6RQAS","","Available Screen Sections","2020-06-02T17:59:20.000Z","0054S000000Ms6RQAS","2020-06-02T17:59:20.000Z","0054S000000Ms6RQAS","","","","","false","true","42518046726897075","","","",""
"a2G4S0000006UOyUAM","0054S000000Ms6RQAS","","Available Screen Sections","2020-06-02T17:59:20.000Z","0054S000000Ms6RQAS","2020-06-02T17:59:20.000Z","0054S000000Ms6RQAS","","","","","false","true","42026428621205577","","","",""
"a2G4S0000006UOzUAM","0054S000000Ms6RQAS","","Available Screen Sections","2020-06-02T17:59:20.000Z","0054S000000Ms6RQAS","2020-06-02T17:59:20.000Z","0054S000000Ms6RQAS","","","","","false","true","42668947043259055","","","",""
"a2G4S0000006UP0UAM","0054S000000SW2aQAG","","nCino UI Configuration Builder","2020-06-02T17:59:20.000Z","0054S000000SW2aQAG","2020-06-02T17:59:20.000Z","0054S000000SW2aQAG","","","","","false","true","42311862257375707","","","",""
"a2G4S0000006UP1UAM","0054S000000Ms6RQAS","","Collateral Summary","2020-06-02T17:59:20.000Z","0054S000000Ms6RQAS","2020-06-02T17:59:20.000Z","0054S000000Ms6RQAS","","","","","false","true","a2G4S0000006UP1UAM","","","",""
"a2G4S0000006UP2UAM","0054S000000Ms6RQAS","","Collateral Details","2020-06-02T17:59:20.000Z","0054S000000Ms6RQAS","2020-06-02T17:59:20.000Z","0054S000000Ms6RQAS","","","","","false","true","a2G4S0000006UP2UAM","","","",""
"a2G4S0000006UP3UAM","0054S000000Ms6RQAS","","Certifications","2020-06-02T17:59:20.000Z","0054S000000Ms6RQAS","2020-06-02T17:59:20.000Z","0054S000000Ms6RQAS","","","","","false","true","a2G4S0000006UP3UAM","","","",""
"a2G4S0000006UP4UAM","0054S000000Ms6RQAS","","Total Exposure Screen","2020-06-02T17:59:20.000Z","0054S000000Ms6RQAS","2020-06-02T17:59:20.000Z","0054S000000Ms6RQAS","","","","","false","true","42278923698642823","","","",""
"a2G4S0000006UP5UAM","0054S000000Ms6RQAS","","Participation","2020-06-02T17:59:20.000Z","0054S000000Ms6RQAS","2020-06-02T17:59:20.000Z","0054S000000Ms6RQAS","","","","","false","true","42255938324133066","","","",""
"a2G4S0000006UP6UAM","0054S000000Ms6RQAS","","Syndications Summary","2020-06-02T17:59:20.000Z","0054S000000Ms6RQAS","2020-06-02T17:59:20.000Z","0054S000000Ms6RQAS","","","","","false","true","42254700713997327","","","",""
"a2G4S0000006UP7UAM","0054S000000Ms6RQAS","","Counterparty Report","2020-06-02T17:59:20.000Z","0054S000000Ms6RQAS","2020-06-02T17:59:20.000Z","0054S000000Ms6RQAS","","","","","false","true","42582982089307696","","","",""
"a2G4S0000006UP8UAM","0054S000000Ms6RQAS","","Total Exposure","2020-06-02T17:59:20.000Z","0054S000000Ms6RQAS","2020-06-02T17:59:20.000Z","0054S000000Ms6RQAS","","","","","false","true","42159428573333161","","","",""
"a2G4S0000006UP9UAM","0054S000000Ms6RQAS","","Loan Details","2020-06-02T17:59:20.000Z","0054S000000Ms6RQAS","2020-06-02T17:59:20.000Z","0054S000000Ms6RQAS","","","","","false","true","42477760115293706","","","",""
"a2G4S0000006UPAUA2","0054S000000Ms6RQAS","","Pricing","2020-06-02T17:59:20.000Z","0054S000000Ms6RQAS","2020-06-02T17:59:20.000Z","0054S000000Ms6RQAS","","","","","false","true","42603748046132357","","","",""
"a2G4S0000006UPBUA2","0054S000000Ms6RQAS","","Rate Structure","2020-06-02T17:59:20.000Z","0054S000000Ms6RQAS","2020-06-02T17:59:20.000Z","0054S000000Ms6RQAS","","","","","false","true","42306104470834702","","","",""
"a2G4S0000006UPCUA2","0054S000000Ms6RQAS","","Payment Structure","2020-06-02T17:59:20.000Z","0054S000000Ms6RQAS","2020-06-02T17:59:20.000Z","0054S000000Ms6RQAS","","","","","false","true","42845770103705580","","","",""
"a2G4S0000006UPDUA2","0054S000000Ms6RQAS","","Referral","2020-06-02T17:59:20.000Z","0054S000000Ms6RQAS","2020-06-02T17:59:20.000Z","0054S000000Ms6RQAS","","","","","false","true","42410404119994869","","","",""
"a2G4S0000006UPEUA2","0054S000000Ms6RQAS","","Balance Details","2020-06-02T17:59:20.000Z","0054S000000Ms6RQAS","2020-06-02T17:59:20.000Z","0054S000000Ms6RQAS","","","","","false","true","42506447999100246","","","",""
"a2G4S0000006UPFUA2","0054S000000Ms6RQAS","","Booked Details","2020-06-02T17:59:20.000Z","0054S000000Ms6RQAS","2020-06-02T17:59:20.000Z","0054S000000Ms6RQAS","","","","","false","true","42226870141912786","","","",""
"a2G4S0000006UPGUA2","0054S000000Ms6RQAS","","Borrowing Structure Information","2020-06-02T17:59:20.000Z","0054S000000Ms6RQAS","2020-06-02T17:59:20.000Z","0054S000000Ms6RQAS","","","","","false","true","42342881603800273","","","",""
"a2G4S0000006UPHUA2","0054S000000Ms6RQAS","","CRA Screen","2020-06-02T17:59:20.000Z","0054S000000Ms6RQAS","2020-06-02T17:59:20.000Z","0054S000000Ms6RQAS","","","","","false","true","42768158053098535","","","",""
"a2G4S0000006UPIUA2","0054S000000Ms6RQAS","","HMDA Screen 1","2020-06-02T17:59:20.000Z","0054S000000Ms6RQAS","2020-06-02T17:59:20.000Z","0054S000000Ms6RQAS","","","","","false","true","42870475258935934","","","",""
"a2G4S0000006UPJUA2","0054S000000Ms6RQAS","","Entity Compliance Screen","2020-06-02T17:59:20.000Z","0054S000000Ms6RQAS","2020-06-02T17:59:20.000Z","0054S000000Ms6RQAS","","","","","false","true","42346461972245017","","","",""
"a2G4S0000006UPKUA2","0054S000000Ms6RQAS","","Loan Compliance Screen","2020-06-02T17:59:20.000Z","0054S000000Ms6RQAS","2020-06-02T17:59:20.000Z","0054S000000Ms6RQAS","","","","","false","true","42366262690465820","","","",""
"a2G4S0000006UPLUA2","0054S000000Ms6RQAS","","Entity Compliance Screen","2020-06-02T17:59:20.000Z","0054S000000Ms6RQAS","2020-06-02T17:59:20.000Z","0054S000000Ms6RQAS","","","","","false","true","42359232390869881","","","",""
"a2G4S0000006UPMUA2","0054S000000Ms6RQAS","","Loan Compliance Screen","2020-06-02T17:59:20.000Z","0054S000000Ms6RQAS","2020-06-02T17:59:20.000Z","0054S000000Ms6RQAS","","","","","false","true","42832806785932622","","","",""
"a2G4S0000006UPNUA2","0054S000000Ms6RQAS","","Change Memo","2020-06-02T17:59:20.000Z","0054S000000Ms6RQAS","2020-06-02T17:59:20.000Z","0054S000000Ms6RQAS","","","","","false","true","42432836327202375","","","",""
"a2G4S0000006UPOUA2","0054S000000Ms6RQAS","","Fees Summary","2020-06-02T17:59:20.000Z","0054S000000Ms6RQAS","2020-06-02T17:59:20.000Z","0054S000000Ms6RQAS","","","","","false","true","42677042833835193","","","",""
"a2G4S0000006UPPUA2","0054S000000Ms6RQAS","","Enhanced Fees Management","2020-06-02T17:59:20.000Z","0054S000000Ms6RQAS","2020-06-02T17:59:20.000Z","0054S000000Ms6RQAS","","","","","false","true","42519280233404703","","","",""
"a2G4S0000006UPQUA2","0054S000000Ms6RQAS","","Team Members","2020-06-02T17:59:20.000Z","0054S000000Ms6RQAS","2020-06-02T17:59:20.000Z","0054S000000Ms6RQAS","","","","","false","true","42296036791553577","","","",""
"a2G4S0000006UPRUA2","0054S000000Ms6RQAS","","Manage Bill Points","2020-06-02T17:59:20.000Z","0054S000000Ms6RQAS","2020-06-02T17:59:20.000Z","0054S000000Ms6RQAS","","","","","false","true","42238686668345765","","","",""
"a2G4S0000006UPSUA2","0054S000000Ms6RQAS","","Loan Compliance Screen","2020-06-02T17:59:20.000Z","0054S000000Ms6RQAS","2020-06-02T17:59:20.000Z","0054S000000Ms6RQAS","","","","","false","true","42154138192718696","","","",""
"a2G4S0000006UPTUA2","0054S000000Ms6RQAS","","Product Package Collateral2","2020-06-02T17:59:20.000Z","0054S000000Ms6RQAS","2020-06-02T17:59:20.000Z","0054S000000Ms6RQAS","","","","","false","true","42456617561636458","","","",""
"a2G4S0000006UPUUA2","0054S000000Ms6RQAS","","pp-tn-review-detail","2020-06-02T17:59:20.000Z","0054S000000Ms6RQAS","2020-06-02T17:59:20.000Z","0054S000000Ms6RQAS","","","","","false","true","42265516270396018","","","",""
"a2G4S0000006UPVUA2","0054S000000Ms6RQAS","","Proforma Options","2020-06-02T17:59:20.000Z","0054S000000Ms6RQAS","2020-06-02T17:59:20.000Z","0054S000000Ms6RQAS","","","","","false","true","42127455761752627","","","",""
"a2G4S0000006UPWUA2","0054S000000SW29QAG","","Application Details","2020-06-02T17:59:20.000Z","0054S000000SW29QAG","2020-06-02T17:59:20.000Z","0054S000000SW29QAG","","","","","false","true","42659629105416955","","","",""
"a2G4S0000006UPXUA2","0054S000000SW29QAG","","Underwriting Details","2020-06-02T17:59:20.000Z","0054S000000SW29QAG","2020-06-02T17:59:20.000Z","0054S000000SW29QAG","","","","","false","true","42520577919445796","","","",""
"a2G4S0000006UPYUA2","0054S000000Ms6RQAS","","Collateral2","2020-06-02T17:59:20.000Z","0054S000000Ms6RQAS","2020-06-02T17:59:20.000Z","0054S000000Ms6RQAS","","","","","false","true","42716660961482717","","","",""
"a2G4S0000006UPZUA2","0054S000000SW29QAG","","Underwriting Details","2020-06-02T17:59:20.000Z","0054S000000SW29QAG","2020-06-02T17:59:20.000Z","0054S000000SW29QAG","","","","","false","true","42983688617809083","","","",""
"a2G4S0000006UPaUAM","0054S000000SW29QAG","","Application Details","2020-06-02T17:59:20.000Z","0054S000000SW29QAG","2020-06-02T17:59:20.000Z","0054S000000SW29QAG","","","","","false","true","42393241259581911","","","",""
"a2G4S0000006UPbUAM","0054S000000SW29QAG","","Underwriting Details","2020-06-02T17:59:20.000Z","0054S000000SW29QAG","2020-06-02T17:59:20.000Z","0054S000000SW29QAG","","","","","false","true","42866893089137191","","","",""
"a2G4S0000006UPcUAM","0054S000000SW29QAG","","Application Details","2020-06-02T17:59:20.000Z","0054S000000SW29QAG","2020-06-02T17:59:20.000Z","0054S000000SW29QAG","","","","","false","true","42607933161237870","","","",""
"a2G4S0000006UPdUAM","0054S000000SW29QAG","","Underwriting Details","2020-06-02T17:59:20.000Z","0054S000000SW29QAG","2020-06-02T17:59:20.000Z","0054S000000SW29QAG","","","","","false","true","42755114587290036","","","",""
"a2G4S0000006UPeUAM","0054S000000SW29QAG","","Application Details","2020-06-02T17:59:20.000Z","0054S000000SW29QAG","2020-06-02T17:59:20.000Z","0054S000000SW29QAG","","","","","false","true","42286887929986442","","","",""
"a2G4S0000006UPfUAM","0054S000000SW29QAG","","Underwriting Details","2020-06-02T17:59:20.000Z","0054S000000SW29QAG","2020-06-02T17:59:20.000Z","0054S000000SW29QAG","","","","","false","true","42204392997691879","","","",""
"a2G4S0000006UPgUAM","0054S000000SW29QAG","","Third Party Management","2020-06-02T17:59:20.000Z","0054S000000SW29QAG","2020-06-02T17:59:20.000Z","0054S000000SW29QAG","","","","","false","true","42411851997942573","","","",""
"a2G4S0000006UPhUAM","0054S000000Ms6RQAS","","Loan Details-Retail","2020-06-02T17:59:20.000Z","0054S000000Ms6RQAS","2020-06-02T17:59:20.000Z","0054S000000Ms6RQAS","","","","","false","true","623454651543256","","","",""
"a2G4S0000006UPiUAM","0054S000000Ms6RQAS","","Borrowing Structure Information","2020-06-02T17:59:20.000Z","0054S000000Ms6RQAS","2020-06-02T17:59:20.000Z","0054S000000Ms6RQAS","","","","","false","true","02551560278745076","","","",""
"a2G4S0000006UPjUAM","0054S000000SW29QAG","","Underwriting Details","2020-06-02T17:59:20.000Z","0054S000000SW29QAG","2020-06-02T17:59:20.000Z","0054S000000SW29QAG","","","","","false","true","42281206255813701","","","",""
"a2G4S0000006UPkUAM","0054S000000SW29QAG","","Application Details","2020-06-02T17:59:20.000Z","0054S000000SW29QAG","2020-06-02T17:59:20.000Z","0054S000000SW29QAG","","","","","false","true","42416387574958178","","","",""
"a2G4S0000006UPlUAM","0054S000000SW29QAG","","Application Details","2020-06-02T17:59:20.000Z","0054S000000SW29QAG","2020-06-02T17:59:20.000Z","0054S000000SW29QAG","","","","","false","true","42614756889733027","","","",""
"a2G4S0000006UPmUAM","0054S000000SW29QAG","","Underwriting Details","2020-06-02T17:59:20.000Z","0054S000000SW29QAG","2020-06-02T17:59:20.000Z","0054S000000SW29QAG","","","","","false","true","42306617109093353","","","",""
"a2G4S0000006UPnUAM","0054S000000Ms6RQAS","","Change Memo","2020-06-02T17:59:20.000Z","0054S000000Ms6RQAS","2020-06-02T17:59:20.000Z","0054S000000Ms6RQAS","","","","","false","true","60941560278867078","","","",""
"a2G4S0000006UPoUAM","0054S000000Ms6RQAS","","Fees Summary","2020-06-02T17:59:20.000Z","0054S000000Ms6RQAS","2020-06-02T17:59:20.000Z","0054S000000Ms6RQAS","","","","","false","true","46241560278867078","","","",""
"a2G4S0000006UPpUAM","0054S000000Ms6RQAS","","Loan Details-Retail","2020-06-02T17:59:20.000Z","0054S000000Ms6RQAS","2020-06-02T17:59:20.000Z","0054S000000Ms6RQAS","","","","","false","true","71341560278867078","","","",""
"a2G4S0000006UPqUAM","0054S000000Ms6RQAS","","Borrowing Structure Information","2020-06-02T17:59:20.000Z","0054S000000Ms6RQAS","2020-06-02T17:59:20.000Z","0054S000000Ms6RQAS","","","","","false","true","52691560278867079","","","",""
"a2G4S0000006UPrUAM","0054S000000Ms6RQAS","","Collateral2","2020-06-02T17:59:20.000Z","0054S000000Ms6RQAS","2020-06-02T17:59:20.000Z","0054S000000Ms6RQAS","","","","","false","true","32281560278867079","","","",""
"a2G4S0000006UPsUAM","0054S000000SW29QAG","","Underwriting Details","2020-06-02T17:59:20.000Z","0054S000000Ms6RQAS","2020-06-02T17:59:20.000Z","0054S000000Ms6RQAS","","","","","false","true","03471560278867077","","","",""
"a2G4S0000006UPtUAM","0054S000000Ms6RQAS","","Fees","2020-06-02T17:59:20.000Z","0054S000000Ms6RQAS","2020-06-02T17:59:20.000Z","0054S000000Ms6RQAS","","","","","false","true","86811560278867079","","","",""
"a2G4S0000006UPuUAM","0054S000000Ms6RQAS","","Application Details-Retail","2020-06-02T17:59:20.000Z","0054S000000Ms6RQAS","2020-06-02T17:59:20.000Z","0054S000000Ms6RQAS","","","","","false","true","6325647853262563245","","","",""
"a2G4S0000006UPvUAM","0054S000000Ms6RQAS","","Total Exposure Screen","2020-06-02T17:59:20.000Z","0054S000000Ms6RQAS","2020-06-02T17:59:20.000Z","0054S000000Ms6RQAS","","","","","false","true","20091562008947218","","","",""
"a2G4S0000006UPwUAM","0054S000000Ms6RQAS","","Loan Products","2020-06-02T17:59:20.000Z","0054S000000Ms6RQAS","2020-06-02T17:59:20.000Z","0054S000000Ms6RQAS","","","","","false","true","48781562008947219","","","",""
"a2G4S0000006UPxUAM","0054S000000Ms6RQAS","","Deposit Products","2020-06-02T17:59:20.000Z","0054S000000Ms6RQAS","2020-06-02T17:59:20.000Z","0054S000000Ms6RQAS","","","","","false","true","86701562008947219","","","",""
"a2G4S0000006UPyUAM","0054S000000Ms6RQAS","","Secured SBL Eligibility","2020-06-02T17:59:20.000Z","0054S000000Ms6RQAS","2020-06-02T17:59:20.000Z","0054S000000Ms6RQAS","","","","","false","true","42415980332756543","","","",""
"a2G4S0000006UPzUAM","0054S000000Ms6RQAS","","Secured SBL Business Info","2020-06-02T17:59:20.000Z","0054S000000Ms6RQAS","2020-06-02T17:59:20.000Z","0054S000000Ms6RQAS","","","","","false","true","42509691136301749","","","",""
"a2G4S0000006UQ0UAM","0054S000000Ms6RQAS","","SBL Personal","2020-06-02T17:59:20.000Z","0054S000000Ms6RQAS","2020-06-02T17:59:20.000Z","0054S000000Ms6RQAS","","","","","false","true","42692911532156791","","","",""
"a2G4S0000006UQ1UAM","0054S000000Ms6RQAS","","Secured SBL Personal (Individual Other Involved)","2020-06-02T17:59:20.000Z","0054S000000Ms6RQAS","2020-06-02T17:59:20.000Z","0054S000000Ms6RQAS","","","","","false","true","42113928704115288","","","",""
"a2G4S0000006UQ2UAM","0054S000000Ms6RQAS","","SBL Eligibility","2020-06-02T17:59:20.000Z","0054S000000Ms6RQAS","2020-06-02T17:59:20.000Z","0054S000000Ms6RQAS","","","","","false","true","42636216486699414","","","",""
"a2G4S0000006UQ3UAM","0054S000000Ms6RQAS","","SBL Business Info","2020-06-02T17:59:20.000Z","0054S000000Ms6RQAS","2020-06-02T17:59:20.000Z","0054S000000Ms6RQAS","","","","","false","true","42981961269080453","","","",""
"a2G4S0000006UQ4UAM","0054S000000Ms6RQAS","","SBL Personal (Individual Other Involved)","2020-06-02T17:59:20.000Z","0054S000000Ms6RQAS","2020-06-02T17:59:20.000Z","0054S000000Ms6RQAS","","","","","false","true","42395526772715632","","","",""
"a2G4S0000006UQ5UAM","0054S000000Ms6RQAS","","Pricing Required Fields","2020-06-02T17:59:20.000Z","0054S000000Ms6RQAS","2020-06-02T17:59:20.000Z","0054S000000Ms6RQAS","","","","","false","true","pricingrequiredfields","","","",""
"a2G4S0000006UQ6UAM","0054S000000Ms6RQAS","","Product Package Collateral2","2020-06-02T17:59:20.000Z","0054S000000Ms6RQAS","2020-06-02T17:59:20.000Z","0054S000000Ms6RQAS","","","","","false","true","75041563816286566","","","",""
"a2G4S0000006UQ7UAM","0054S000000Ms6RQAS","","Available One to Many Screen Sections","2020-06-02T17:59:20.000Z","0054S000000Ms6RQAS","2020-06-02T17:59:20.000Z","0054S000000Ms6RQAS","","","","","false","true","429446046658847391","","","",""
"a2G4S0000006UQ8UAM","0054S000000Ms6RQAS","","Product Summary","2020-06-02T17:59:20.000Z","0054S000000Ms6RQAS","2020-06-02T17:59:20.000Z","0054S000000Ms6RQAS","","","","","false","true","05641567002571747","","","",""
"a2G4S0000006UQ9UAM","0054S000000Ms6RQAS","","Treasury Service Details","2020-06-02T17:59:20.000Z","0054S000000Ms6RQAS","2020-06-02T17:59:20.000Z","0054S000000Ms6RQAS","","","","","false","true","62851567002571747","","","",""
"a2G4S0000006UQAUA2","0054S000000Ms6RQAS","","Key Dates - Editable","2020-06-02T17:59:20.000Z","0054S000000Ms6RQAS","2020-06-02T17:59:20.000Z","0054S000000Ms6RQAS","","","","","false","true","59771585604340856","","","",""
"a2G4S0000006UQBUA2","0054S000000Ms6RQAS","","Key Dates - Read Only","2020-06-02T17:59:20.000Z","0054S000000Ms6RQAS","2020-06-02T17:59:20.000Z","0054S000000Ms6RQAS","","","","","false","true","50971585604340856","","","",""
"a2G4S0000006UQCUA2","0054S000000Ms6RQAS","","Loan Products","2020-06-02T17:59:20.000Z","0054S000000Ms6RQAS","2020-06-02T17:59:20.000Z","0054S000000Ms6RQAS","","","","","false","true","42264506634750293","","","",""
"a2G4S0000006UQDUA2","0054S000000Ms6RQAS","","Rate Structure","2020-06-02T17:59:20.000Z","0054S000000Ms6RQAS","2020-06-02T17:59:20.000Z","0054S000000Ms6RQAS","","","","","false","true","42558854118324394","","","",""
"a2G4S0000006UQEUA2","0054S000000Ms6RQAS","","Payment Structure","2020-06-02T17:59:20.000Z","0054S000000Ms6RQAS","2020-06-02T17:59:20.000Z","0054S000000Ms6RQAS","","","","","false","true","42448651673900408","","","",""
"a2G4S0000006UQFUA2","0054S000000Ms6RQAS","","Risk Rating","2020-06-02T17:59:20.000Z","0054S000000Ms6RQAS","2020-06-02T17:59:20.000Z","0054S000000Ms6RQAS","","","","","false","true","42672158236792769","","","",""
"a2G4S0000006UQGUA2","0054S000000Ms6RQAS","","Change Memo","2020-06-02T17:59:20.000Z","0054S000000Ms6RQAS","2020-06-02T17:59:20.000Z","0054S000000Ms6RQAS","","","","","false","true","42768254162527564","","","",""
"a2G4S0000006UQHUA2","0054S000000Ms6RQAS","","Fees Summary","2020-06-02T17:59:20.000Z","0054S000000Ms6RQAS","2020-06-02T17:59:20.000Z","0054S000000Ms6RQAS","","","","","false","true","42839732363377241","","","",""
"a2G4S0000006UQIUA2","0054S000000Ms6RQAS","","Team Members","2020-06-02T17:59:20.000Z","0054S000000Ms6RQAS","2020-06-02T17:59:20.000Z","0054S000000Ms6RQAS","","","","","false","true","42099974757861510","","","",""
"a2G4S0000006UQJUA2","0054S000000Ms6RQAS","","Details","2020-06-02T17:59:20.000Z","0054S000000Ms6RQAS","2020-06-02T17:59:20.000Z","0054S000000Ms6RQAS","","","","","false","true","42101974202872765","","","",""
"a2G4S0000006UQKUA2","0054S000000Ms6RQAS","","Details- business EO","2020-06-02T17:59:20.000Z","0054S000000Ms6RQAS","2020-09-11T13:27:11.000Z","0054S000000Ms6RQAS","","","","","false","true","42754538931621755","","","",""
"a2G4S0000006UQLUA2","0054S000000Ms6RQAS","","Details - EO","2020-06-02T17:59:20.000Z","0054S000000Ms6RQAS","2020-09-09T16:55:35.000Z","0054S000000Ms6RQAS","","","","","false","true","42083286394967946","","","",""
"a2G4S0000006UQMUA2","0054S000000Ms6RQAS","","Details","2020-06-02T17:59:20.000Z","0054S000000Ms6RQAS","2020-06-02T17:59:20.000Z","0054S000000Ms6RQAS","","","","","false","true","42206232254498796","","","",""
"a2G4S0000006UQNUA2","0054S000000Ms6RQAS","","Beneficiary","2020-06-02T17:59:20.000Z","0054S000000Ms6RQAS","2020-06-02T17:59:20.000Z","0054S000000Ms6RQAS","","","","","false","true","42856498406131349","","","",""
"a2G4S0000006UQOUA2","0054S000000Ms6RQAS","","Adverse Action","2020-06-02T17:59:20.000Z","0054S000000Ms6RQAS","2020-06-02T17:59:20.000Z","0054S000000Ms6RQAS","","","","","false","true","a2G4S0000006UQOUA2","","","",""
"a2G4S0000006UQPUA2","0054S000000Ms6RQAS","","Attorney Information","2020-06-02T17:59:20.000Z","0054S000000Ms6RQAS","2020-06-02T17:59:20.000Z","0054S000000Ms6RQAS","","","","","false","true","a2G4S0000006UQPUA2","","","",""
"a2G4S0000006UQQUA2","0054S000000Ms6RQAS","","Collateral Pledged","2020-06-02T17:59:20.000Z","0054S000000Ms6RQAS","2020-06-02T17:59:20.000Z","0054S000000Ms6RQAS","","","","","false","true","52621585604340855","","","",""
"a2G4S0000006UQRUA2","0054S000000Ms6RQAS","","Collateral Value","2020-06-02T17:59:20.000Z","0054S000000Ms6RQAS","2020-06-02T17:59:20.000Z","0054S000000Ms6RQAS","","","","","false","true","40481585604340855","","","",""
"a2G4S0000006UQSUA2","0054S000000Ms6RQAS","","Compliance Info","2020-06-02T17:59:20.000Z","0054S000000Ms6RQAS","2020-06-02T17:59:20.000Z","0054S000000Ms6RQAS","","","","","false","true","a2G4S0000006UQSUA2","","","",""
"a2G4S0000006UQTUA2","0054S000000Ms6RQAS","","Construction Info","2020-06-02T17:59:20.000Z","0054S000000Ms6RQAS","2020-06-02T17:59:20.000Z","0054S000000Ms6RQAS","","","","","false","true","a2G4S0000006UQTUA2","","","",""
"a2G4S0000006UQUUA2","0054S000000Ms6RQAS","","Fees Approved","2020-06-02T17:59:20.000Z","0054S000000Ms6RQAS","2020-06-02T17:59:20.000Z","0054S000000Ms6RQAS","","","","","false","true","82191585604340855","","","",""
"a2G4S0000006UQVUA2","0054S000000Ms6RQAS","","Key Dates","2020-06-02T17:59:20.000Z","0054S000000Ms6RQAS","2020-06-02T17:59:20.000Z","0054S000000Ms6RQAS","","","","","false","true","23001585604340855","","","",""
"a2G4S0000006UQWUA2","0054S000000Ms6RQAS","","Post Closing Review","2020-06-02T17:59:20.000Z","0054S000000Ms6RQAS","2020-06-02T17:59:20.000Z","0054S000000Ms6RQAS","","","","","false","true","61601585604340855","","","",""
"a2G4S0000006UQXUA2","0054S000000Ms6RQAS","","Risk Rating Review","2020-06-02T17:59:20.000Z","0054S000000Ms6RQAS","2020-06-02T17:59:20.000Z","0054S000000Ms6RQAS","","","","","false","true","a2G4S0000006UQXUA2","","","",""
"a2G4S0000006UQYUA2","0054S000000Ms6RQAS","","Secondary Market","2020-06-02T17:59:20.000Z","0054S000000Ms6RQAS","2020-06-02T17:59:20.000Z","0054S000000Ms6RQAS","","","","","false","true","a2G4S0000006UQYUA2","","","",""
"a2G4S0000006UQZUA2","0054S000000Ms6RQAS","","Structure Information","2020-06-02T17:59:20.000Z","0054S000000Ms6RQAS","2020-06-02T17:59:20.000Z","0054S000000Ms6RQAS","","","","","false","true","a2G4S0000006UQZUA2","","","",""
"a2G4S0000006UQaUAM","0054S000000Ms6RQAS","","Third Party Reports","2020-06-02T17:59:20.000Z","0054S000000Ms6RQAS","2020-06-02T17:59:20.000Z","0054S000000Ms6RQAS","","","","","false","true","47581585604340855","","","",""
"a2G4S0000006UQbUAM","0054S000000Ms6RQAS","","Attorney Information Approved","2020-06-02T17:59:20.000Z","0054S000000Ms6RQAS","2020-06-02T17:59:20.000Z","0054S000000Ms6RQAS","","","","","false","true","a2G4S0000006UQbUAM","","","",""
"a2G4S0000006UQcUAM","0054S000000Ms6RQAS","","Key Dates Approved","2020-06-02T17:59:20.000Z","0054S000000Ms6RQAS","2020-06-02T17:59:20.000Z","0054S000000Ms6RQAS","","","","","false","true","a2G4S0000006UQcUAM","","","",""
"a2G4S0000006UQdUAM","0054S000000Ms6RQAS","","Approved Details","2020-06-02T17:59:20.000Z","0054S000000Ms6RQAS","2020-06-02T17:59:20.000Z","0054S000000Ms6RQAS","","","","","false","true","34361585604340855","","","",""
"a2G4S0000006UQeUAM","0054S000000Ms6RQAS","","Post Closing Review Approved","2020-06-02T17:59:20.000Z","0054S000000Ms6RQAS","2020-06-02T17:59:20.000Z","0054S000000Ms6RQAS","","","","","false","true","a2G4S0000006UQeUAM","","","",""
"a2G4S0000006UQfUAM","0054S000000Ms6RQAS","","Secondary Market Approved","2020-06-02T17:59:20.000Z","0054S000000Ms6RQAS","2020-06-02T17:59:20.000Z","0054S000000Ms6RQAS","","","","","false","true","a2G4S0000006UQfUAM","","","",""
"a2G4S0000006UQgUAM","0054S000000Ms6RQAS","","Structure Information Approved","2020-06-02T17:59:20.000Z","0054S000000Ms6RQAS","2020-06-02T17:59:20.000Z","0054S000000Ms6RQAS","","","","","false","true","a2G4S0000006UQgUAM","","","",""
"a2G4S0000006UQhUAM","0054S000000Ms6RQAS","","Fees","2020-06-02T17:59:20.000Z","0054S000000Ms6RQAS","2020-06-02T17:59:20.000Z","0054S000000Ms6RQAS","","","","","false","true","a2G4S0000006UQhUAM","","","",""
"a2G4S0000006UQiUAM","0054S000000Ms6RQAS","","Participations","2020-06-02T17:59:20.000Z","0054S000000Ms6RQAS","2020-06-02T17:59:20.000Z","0054S000000Ms6RQAS","","","","","false","true","a2G4S0000006UQiUAM","","","",""
"a2G4S0000006UQjUAM","0054S000000Ms6RQAS","","Loan Products","2020-06-02T17:59:20.000Z","0054S000000Ms6RQAS","2020-06-02T17:59:20.000Z","0054S000000Ms6RQAS","","","","","false","true","42567764686172869","","","",""
"a2G4S0000006UQkUAM","0054S000000Ms6RQAS","","Deposit Products","2020-06-02T17:59:20.000Z","0054S000000Ms6RQAS","2020-06-02T17:59:20.000Z","0054S000000Ms6RQAS","","","","","false","true","42464191242067167","","","",""
"a2G4S0000006UQlUAM","0054S000000Ms6RQAS","","Pricing Approved","2020-06-02T17:59:20.000Z","0054S000000Ms6RQAS","2020-06-02T17:59:20.000Z","0054S000000Ms6RQAS","","","","","false","true","42057912696598906","","","",""
"a2G4S0000006UQmUAM","0054S000000Ms6RQAS","","CRA Screen","2020-06-02T17:59:20.000Z","0054S000000Ms6RQAS","2020-06-02T17:59:20.000Z","0054S000000Ms6RQAS","","","","","false","true","42508794583138413","","","",""
"a2G4S0000006UQnUAM","0054S000000Ms6RQAS","","HMDA Screen 2","2020-06-02T17:59:20.000Z","0054S000000Ms6RQAS","2020-06-02T17:59:20.000Z","0054S000000Ms6RQAS","","","","","false","true","42978951107645512","","","",""
"a2G4S0000006UQoUAM","0054S000000Ms6RQAS","","Adverse Actions","2020-06-02T17:59:20.000Z","0054S000000Ms6RQAS","2020-06-02T17:59:20.000Z","0054S000000Ms6RQAS","","","","","false","true","19891585604340855","","","",""
"a2G4S0000006UQpUAM","0054S000000Ms6RQAS","","Construction Details","2020-06-02T17:59:20.000Z","0054S000000Ms6RQAS","2020-06-02T17:59:20.000Z","0054S000000Ms6RQAS","","","","","false","true","a2G4S0000006UQpUAM","","","",""
"a2G4S0000006UQqUAM","0054S000000Ms6RQAS","","Loan Dashboard","2020-06-02T17:59:20.000Z","0054S000000Ms6RQAS","2020-06-02T17:59:20.000Z","0054S000000Ms6RQAS","","","","","false","true","a2G4S0000006UQqUAM","","","",""
"a2G4S0000006UQrUAM","0054S000000Ms6RQAS","","Fees","2020-06-02T17:59:20.000Z","0054S000000Ms6RQAS","2020-06-02T17:59:20.000Z","0054S000000Ms6RQAS","","","","","false","true","91971560278745076","","","",""
"a2G4S0000006UQsUAM","0054S000000Ms6RQAS","","Narrative","2020-06-02T17:59:20.000Z","0054S000000Ms6RQAS","2020-06-02T17:59:20.000Z","0054S000000Ms6RQAS","","","","","false","true","89361585604340856","","","",""
"a2G4S0000006UQtUAM","0054S000000Ms6RQAS","","Loan Team Member Information","2020-06-02T17:59:20.000Z","0054S000000Ms6RQAS","2020-06-02T17:59:20.000Z","0054S000000Ms6RQAS","","","","","false","true","28761585604340855","","","",""
"a2G4S0000006UQuUAM","0054S000000Ms6RQAS","","Memos","2020-06-02T17:59:20.000Z","0054S000000Ms6RQAS","2020-06-02T17:59:20.000Z","0054S000000Ms6RQAS","","","","","false","true","16221585604340856","","","",""
"a2G4S0000006UQvUAM","0054S000000Ms6RQAS","","Authorized Users","2020-06-02T17:59:20.000Z","0054S000000Ms6RQAS","2020-06-02T17:59:20.000Z","0054S000000Ms6RQAS","","","","","false","true","a2G4S0000006UQvUAM","","","",""
"a2G4S0000006UQwUAM","0054S000000Ms6RQAS","","Order Entry-Remote-Deposit","2020-06-02T17:59:20.000Z","0054S000000Ms6RQAS","2020-06-02T17:59:20.000Z","0054S000000Ms6RQAS","","","","","false","true","a2G4S0000006UQwUAM","","","",""
"a2G4S0000006UQxUAM","0054S000000Ms6RQAS","","Order Entry-Retail-Lockbox","2020-06-02T17:59:20.000Z","0054S000000Ms6RQAS","2020-06-02T17:59:20.000Z","0054S000000Ms6RQAS","","","","","false","true","a2G4S0000006UQxUAM","","","",""
"a2G4S0000006UQyUAM","0054S000000Ms6RQAS","","Order Entry-Wire-Transfer","2020-06-02T17:59:20.000Z","0054S000000Ms6RQAS","2020-06-02T17:59:20.000Z","0054S000000Ms6RQAS","","","","","false","true","a2G4S0000006UQyUAM","","","",""
"a2G4S0000006UQzUAM","0054S000000Ms6RQAS","","Participations","2020-06-02T17:59:20.000Z","0054S000000Ms6RQAS","2020-06-02T17:59:20.000Z","0054S000000Ms6RQAS","","","","","false","true","70051585604340856","","","",""
"a2G4S0000006UR0UAM","0054S000000Ms6RQAS","","Activities","2020-06-02T17:59:20.000Z","0054S000000Ms6RQAS","2020-06-02T17:59:20.000Z","0054S000000Ms6RQAS","","","","","false","true","a2G4S0000006UR0UAM","","","",""
"a2G4S0000006UR1UAM","0054S000000Ms6RQAS","","Business Contacts","2020-06-02T17:59:20.000Z","0054S000000Ms6RQAS","2020-06-02T17:59:20.000Z","0054S000000Ms6RQAS","","","","","false","true","a2G4S0000006UR1UAM","","","",""
"a2G4S0000006UR2UAM","0054S000000Ms6RQAS","","Collateral Owned","2020-06-02T17:59:20.000Z","0054S000000Ms6RQAS","2020-06-02T17:59:20.000Z","0054S000000Ms6RQAS","","","","","false","true","a2G4S0000006UR2UAM","","","",""
"a2G4S0000006UR3UAM","0054S000000Ms6RQAS","","Covenants","2020-06-02T17:59:20.000Z","0054S000000Ms6RQAS","2020-06-02T17:59:20.000Z","0054S000000Ms6RQAS","","","","","false","true","a2G4S0000006UR3UAM","","","",""
"a2G4S0000006UR4UAM","0054S000000Ms6RQAS","","Deposits","2020-06-02T17:59:20.000Z","0054S000000Ms6RQAS","2020-06-02T17:59:20.000Z","0054S000000Ms6RQAS","","","","","false","true","a2G4S0000006UR4UAM","","","",""
"a2G4S0000006UR5UAM","0054S000000Ms6RQAS","","Overview","2020-06-02T17:59:20.000Z","0054S000000Ms6RQAS","2020-06-02T17:59:20.000Z","0054S000000Ms6RQAS","","","","","false","true","a2G4S0000006UR5UAM","","","",""
"a2G4S0000006UR6UAM","0054S000000Ms6RQAS","","Exposure","2020-06-02T17:59:20.000Z","0054S000000Ms6RQAS","2020-06-02T17:59:20.000Z","0054S000000Ms6RQAS","","","","","false","true","a2G4S0000006UR6UAM","","","",""
"a2G4S0000006UR7UAM","0054S000000Ms6RQAS","","Loans","2020-06-02T17:59:20.000Z","0054S000000Ms6RQAS","2020-06-02T17:59:20.000Z","0054S000000Ms6RQAS","","","","","false","true","a2G4S0000006UR7UAM","","","",""
"a2G4S0000006UR8UAM","0054S000000Ms6RQAS","","Opportunities","2020-06-02T17:59:20.000Z","0054S000000Ms6RQAS","2020-06-02T17:59:20.000Z","0054S000000Ms6RQAS","","","","","false","true","a2G4S0000006UR8UAM","","","",""
"a2G4S0000006UR9UAM","0054S000000Ms6RQAS","","Other Information","2020-06-02T17:59:20.000Z","0054S000000Ms6RQAS","2020-06-02T17:59:20.000Z","0054S000000Ms6RQAS","","","","","false","true","a2G4S0000006UR9UAM","","","",""
"a2G4S0000006URAUA2","0054S000000Ms6RQAS","","Product Packages","2020-06-02T17:59:20.000Z","0054S000000Ms6RQAS","2020-06-02T17:59:20.000Z","0054S000000Ms6RQAS","","","","","false","true","a2G4S0000006URAUA2","","","",""
"a2G4S0000006URBUA2","0054S000000Ms6RQAS","","Referrals","2020-06-02T17:59:20.000Z","0054S000000Ms6RQAS","2020-06-02T17:59:20.000Z","0054S000000Ms6RQAS","","","","","false","true","a2G4S0000006URBUA2","","","",""
"a2G4S0000006URCUA2","0054S000000Ms6RQAS","","Risk Rating Reviews","2020-06-02T17:59:20.000Z","0054S000000Ms6RQAS","2020-06-02T17:59:20.000Z","0054S000000Ms6RQAS","","","","","false","true","a2G4S0000006URCUA2","","","",""
"a2G4S0000006URDUA2","0054S000000Ms6RQAS","","Service Requests","2020-06-02T17:59:20.000Z","0054S000000Ms6RQAS","2020-06-02T17:59:20.000Z","0054S000000Ms6RQAS","","","","","false","true","a2G4S0000006URDUA2","","","",""
"a2G4S0000006UREUA2","0054S000000Ms6RQAS","","Site Visits","2020-06-02T17:59:20.000Z","0054S000000Ms6RQAS","2020-06-02T17:59:20.000Z","0054S000000Ms6RQAS","","","","","false","true","a2G4S0000006UREUA2","","","",""
"a2G4S0000006URFUA2","0054S000000Ms6RQAS","","Treasury","2020-06-02T17:59:20.000Z","0054S000000Ms6RQAS","2020-06-02T17:59:20.000Z","0054S000000Ms6RQAS","","","","","false","true","a2G4S0000006URFUA2","","","",""
"a2G4S0000006URGUA2","0054S000000Ms6RQAS","","Risk Ratings","2020-06-02T17:59:20.000Z","0054S000000Ms6RQAS","2020-06-02T17:59:20.000Z","0054S000000Ms6RQAS","","","","","false","true","08891585604340856","","","",""
"a2G4S0000006URHUA2","0054S000000Ms6RQAS","","SBA Form 912","2020-06-02T17:59:20.000Z","0054S000000Ms6RQAS","2020-06-02T17:59:20.000Z","0054S000000Ms6RQAS","","","","","false","true","a2G4S0000006URHUA2","","","",""
"a2G4S0000006URIUA2","0054S000000Ms6RQAS","","Loan Application","2020-06-02T17:59:20.000Z","0054S000000Ms6RQAS","2020-06-02T17:59:20.000Z","0054S000000Ms6RQAS","","","","","false","true","a2G4S0000006URIUA2","","","",""
"a2G4S0000006URJUA2","0054S000000Ms6RQAS","","Change of Ownership","2020-06-02T17:59:20.000Z","0054S000000Ms6RQAS","2020-06-02T17:59:20.000Z","0054S000000Ms6RQAS","","","","","false","true","a2G4S0000006URJUA2","","","",""
"a2G4S0000006URKUA2","0054S000000Ms6RQAS","","SBA Form 10","2020-06-02T17:59:20.000Z","0054S000000Ms6RQAS","2020-06-02T17:59:20.000Z","0054S000000Ms6RQAS","","","","","false","true","a2G4S0000006URKUA2","","","",""
"a2G4S0000006URLUA2","0054S000000Ms6RQAS","","SBA Form 159","2020-06-02T17:59:20.000Z","0054S000000Ms6RQAS","2020-06-02T17:59:20.000Z","0054S000000Ms6RQAS","","","","","false","true","a2G4S0000006URLUA2","","","",""
"a2G4S0000006URMUA2","0054S000000Ms6RQAS","","SBA Form 1846","2020-06-02T17:59:20.000Z","0054S000000Ms6RQAS","2020-06-02T17:59:20.000Z","0054S000000Ms6RQAS","","","","","false","true","a2G4S0000006URMUA2","","","",""
"a2G4S0000006URNUA2","0054S000000Ms6RQAS","","SBA Form 1919","2020-06-02T17:59:20.000Z","0054S000000Ms6RQAS","2020-06-02T17:59:20.000Z","0054S000000Ms6RQAS","","","","","false","true","a2G4S0000006URNUA2","","","",""
"a2G4S0000006UROUA2","0054S000000Ms6RQAS","","Business Type","2020-06-02T17:59:20.000Z","0054S000000Ms6RQAS","2020-06-02T17:59:20.000Z","0054S000000Ms6RQAS","","","","","false","true","a2G4S0000006UROUA2","","","",""
"a2G4S0000006URPUA2","0054S000000Ms6RQAS","","Previous SBA Loan","2020-06-02T17:59:20.000Z","0054S000000Ms6RQAS","2020-06-02T17:59:20.000Z","0054S000000Ms6RQAS","","","","","false","true","a2G4S0000006URPUA2","","","",""
"a2G4S0000006URQUA2","0054S000000Ms6RQAS","","Conflict of Interest","2020-06-02T17:59:20.000Z","0054S000000Ms6RQAS","2020-06-02T17:59:20.000Z","0054S000000Ms6RQAS","","","","","false","true","a2G4S0000006URQUA2","","","",""
"a2G4S0000006URRUA2","0054S000000Ms6RQAS","","Primary Account","2020-06-02T17:59:20.000Z","0054S000000Ms6RQAS","2020-06-02T17:59:20.000Z","0054S000000Ms6RQAS","","","","","false","true","a2G4S0000006URRUA2","","","",""
"a2G4S0000006URSUA2","0054S000000Ms6RQAS","","SBA Form 1920","2020-06-02T17:59:20.000Z","0054S000000Ms6RQAS","2020-06-02T17:59:20.000Z","0054S000000Ms6RQAS","","","","","false","true","a2G4S0000006URSUA2","","","",""
"a2G4S0000006URTUA2","0054S000000Ms6RQAS","","SBA Form 1920","2020-06-02T17:59:20.000Z","0054S000000Ms6RQAS","2020-06-02T17:59:20.000Z","0054S000000Ms6RQAS","","","","","false","true","a2G4S0000006URTUA2","","","",""
"a2G4S0000006URUUA2","0054S000000Ms6RQAS","","SBA Form 1920","2020-06-02T17:59:20.000Z","0054S000000Ms6RQAS","2020-06-02T17:59:20.000Z","0054S000000Ms6RQAS","","","","","false","true","a2G4S0000006URUUA2","","","",""
"a2G4S0000006URVUA2","0054S000000Ms6RQAS","","SBA Form 1920","2020-06-02T17:59:20.000Z","0054S000000Ms6RQAS","2020-06-02T17:59:20.000Z","0054S000000Ms6RQAS","","","","","false","true","a2G4S0000006URVUA2","","","",""
"a2G4S0000006URWUA2","0054S000000Ms6RQAS","","SBA Form 1920","2020-06-02T17:59:20.000Z","0054S000000Ms6RQAS","2020-06-02T17:59:20.000Z","0054S000000Ms6RQAS","","","","","false","true","a2G4S0000006URWUA2","","","",""
"a2G4S0000006URXUA2","0054S000000Ms6RQAS","","SBA Form 1920","2020-06-02T17:59:20.000Z","0054S000000Ms6RQAS","2020-06-02T17:59:20.000Z","0054S000000Ms6RQAS","","","","","false","true","a2G4S0000006URXUA2","","","",""
"a2G4S0000006URYUA2","0054S000000Ms6RQAS","","SBA Form 1920","2020-06-02T17:59:20.000Z","0054S000000Ms6RQAS","2020-06-02T17:59:20.000Z","0054S000000Ms6RQAS","","","","","false","true","a2G4S0000006URYUA2","","","",""
"a2G4S0000006URZUA2","0054S000000Ms6RQAS","","Primary Account","2020-06-02T17:59:20.000Z","0054S000000Ms6RQAS","2020-06-02T17:59:20.000Z","0054S000000Ms6RQAS","","","","","false","true","a2G4S0000006URZUA2","","","",""
"a2G4S0000006URaUAM","0054S000000Ms6RQAS","","Account Debt","2020-06-02T17:59:20.000Z","0054S000000Ms6RQAS","2020-06-02T17:59:20.000Z","0054S000000Ms6RQAS","","","","","false","true","a2G4S0000006URaUAM","","","",""
"a2G4S0000006URbUAM","0054S000000Ms6RQAS","","SBA Form 652","2020-06-02T17:59:20.000Z","0054S000000Ms6RQAS","2020-06-02T17:59:20.000Z","0054S000000Ms6RQAS","","","","","false","true","a2G4S0000006URbUAM","","","",""
"a2G4S0000006URcUAM","0054S000000Ms6RQAS","","SBA Form G845","2020-06-02T17:59:20.000Z","0054S000000Ms6RQAS","2020-06-02T17:59:20.000Z","0054S000000Ms6RQAS","","","","","false","true","a2G4S0000006URcUAM","","","",""
"a2G4S0000006URdUAM","0054S000000Ms6RQAS","","Injections","2020-06-02T17:59:20.000Z","0054S000000Ms6RQAS","2020-06-02T17:59:20.000Z","0054S000000Ms6RQAS","","","","","false","true","a2G4S0000006URdUAM","","","",""
"a2G4S0000006UReUAM","0054S000000Ms6RQAS","","Liens","2020-06-02T17:59:20.000Z","0054S000000Ms6RQAS","2020-06-02T17:59:20.000Z","0054S000000Ms6RQAS","","","","","false","true","a2G4S0000006UReUAM","","","",""
"a2G4S0000006URfUAM","0054S000000Ms6RQAS","","Loan Information","2020-06-02T17:59:20.000Z","0054S000000Ms6RQAS","2020-06-02T17:59:20.000Z","0054S000000Ms6RQAS","","","","","false","true","a2G4S0000006URfUAM","","","",""
"a2G4S0000006URgUAM","0054S000000Ms6RQAS","","Pricing","2020-06-02T17:59:20.000Z","0054S000000Ms6RQAS","2020-06-02T17:59:20.000Z","0054S000000Ms6RQAS","","","","","false","true","a2G4S0000006URgUAM","","","",""
"a2G4S0000006URhUAM","0054S000000Ms6RQAS","","Loan Partner","2020-06-02T17:59:20.000Z","0054S000000Ms6RQAS","2020-06-02T17:59:20.000Z","0054S000000Ms6RQAS","","","","","false","true","a2G4S0000006URhUAM","","","",""
"a2G4S0000006URiUAM","0054S000000Ms6RQAS","","Use of Proceeds","2020-06-02T17:59:20.000Z","0054S000000Ms6RQAS","2020-06-02T17:59:20.000Z","0054S000000Ms6RQAS","","","","","false","true","a2G4S0000006URiUAM","","","",""
"a2G4S0000006URjUAM","0054S000000Ms6RQAS","","Stage History","2020-06-02T17:59:20.000Z","0054S000000Ms6RQAS","2020-06-02T17:59:20.000Z","0054S000000Ms6RQAS","","","","","false","true","60101585604340856","","","",""
"a2G4S0000006URkUAM","0054S000000Ms6RQAS","","Product Summary","2020-06-02T17:59:20.000Z","0054S000000Ms6RQAS","2020-06-02T17:59:20.000Z","0054S000000Ms6RQAS","","","","","false","true","09911567002550278","","","",""
"a2G4S0000006URlUAM","0054S000000Ms6RQAS","","Balance Details","2020-06-02T17:59:20.000Z","0054S000000Ms6RQAS","2020-06-02T17:59:20.000Z","0054S000000Ms6RQAS","","","","","false","true","18751585604340855","","","",""
"a2G4S0000006URmUAM","0054S000000Ms6RQAS","","Booked Information","2020-06-02T17:59:20.000Z","0054S000000Ms6RQAS","2020-06-02T17:59:20.000Z","0054S000000Ms6RQAS","","","","","false","true","86611585604340855","","","",""
"a2G4S0000006URnUAM","0054S000000Ms6RQAS","","CRA Screen","2020-06-02T17:59:20.000Z","0054S000000Ms6RQAS","2020-06-02T17:59:20.000Z","0054S000000Ms6RQAS","","","","","false","true","67231585604340855","","","",""
"a2G4S0000006URoUAM","0054S000000Ms6RQAS","","Loan Dashboard Summary Screen","2020-06-02T17:59:20.000Z","0054S000000Ms6RQAS","2020-06-02T17:59:20.000Z","0054S000000Ms6RQAS","","","","","false","true","19961585604340855","","","",""
"a2G4S0000006URpUAM","0054S000000Ms6RQAS","","HMDA Screen 1","2020-06-02T17:59:20.000Z","0054S000000Ms6RQAS","2020-06-02T17:59:20.000Z","0054S000000Ms6RQAS","","","","","false","true","a2G4S0000006URpUAM","","","",""
"a2G4S0000006URqUAM","0054S000000Ms6RQAS","","HMDA Screen 2","2020-06-02T17:59:20.000Z","0054S000000Ms6RQAS","2020-06-02T17:59:20.000Z","0054S000000Ms6RQAS","","","","","false","true","70131585604340855","","","",""
"a2G4S0000006URrUAM","0054S000000Ms6RQAS","","Loan Details","2020-06-02T17:59:20.000Z","0054S000000Ms6RQAS","2020-06-02T17:59:20.000Z","0054S000000Ms6RQAS","","","","","false","true","86451585604340855","","","",""
"a2G4S0000006URsUAM","0054S000000Ms6RQAS","","Pricing","2020-06-02T17:59:20.000Z","0054S000000Ms6RQAS","2020-06-02T17:59:20.000Z","0054S000000Ms6RQAS","","","","","false","true","79341585604340856","","","",""
"a2G4S0000006URtUAM","0054S000000Ms6RQAS","","Referral","2020-06-02T17:59:20.000Z","0054S000000Ms6RQAS","2020-06-02T17:59:20.000Z","0054S000000Ms6RQAS","","","","","false","true","91061585604340856","","","",""
"a2G4S0000006URuUAM","0054S000000Ms6RQAS","","Deposit Products","2020-06-02T17:59:20.000Z","0054S000000Ms6RQAS","2020-06-02T17:59:20.000Z","0054S000000Ms6RQAS","","","","","false","true","18931562008881233","","","",""
"a2G4S0000006URvUAM","0054S000000Ms6RQAS","","Budget Details","2020-06-02T17:59:20.000Z","0054S000000Ms6RQAS","2020-06-02T17:59:20.000Z","0054S000000Ms6RQAS","","","","","false","true","42438936865131651","","","",""
"a2G4S0000006URwUAM","0054S000000SW2aQAG","","System Properties","2020-06-02T17:59:20.000Z","0054S000000SW2aQAG","2020-06-02T17:59:20.000Z","0054S000000SW2aQAG","","","","","false","true","42283576814580241","","","",""
"a2G4S0000006URxUAM","0054S000000SW2aQAG","","UI Configuration Builder","2020-06-02T17:59:20.000Z","0054S000000SW2aQAG","2020-06-02T17:59:20.000Z","0054S000000SW2aQAG","","","","","false","true","42257423463997756","","","",""
"a2G4S0000006URyUAM","0054S000000Ms6RQAS","","Entity Compliance Screen","2020-06-02T17:59:20.000Z","0054S000000Ms6RQAS","2020-06-02T17:59:20.000Z","0054S000000Ms6RQAS","","","","","false","true","42484621918140548","","","",""
"a2G4S0000006URzUAM","0054S000000Ms6RQAS","","Loan Compliance Screen","2020-06-02T17:59:20.000Z","0054S000000Ms6RQAS","2020-06-02T17:59:20.000Z","0054S000000Ms6RQAS","","","","","false","true","42920140975446045","","","",""
"a2G4S0000006US0UAM","0054S000000Ms6RQAS","","Entity Compliance Screen","2020-06-02T17:59:20.000Z","0054S000000Ms6RQAS","2020-06-02T17:59:20.000Z","0054S000000Ms6RQAS","","","","","false","true","42875195092745613","","","",""
"a2G4S0000006US1UAM","0054S000000Ms6RQAS","","Loan Compliance Screen","2020-06-02T17:59:20.000Z","0054S000000Ms6RQAS","2020-06-02T17:59:20.000Z","0054S000000Ms6RQAS","","","","","false","true","42300854924496650","","","",""
"a2G4S0000006US2UAM","0054S000000Ms6RQAS","","Memo Details","2020-06-02T17:59:20.000Z","0054S000000Ms6RQAS","2020-06-02T17:59:20.000Z","0054S000000Ms6RQAS","","","","","false","true","42453478693303001","","","",""
"a2G4S0000006US3UAM","0054S000000Ms6RQAS","","Package Details","2020-06-02T17:59:20.000Z","0054S000000Ms6RQAS","2020-06-02T17:59:20.000Z","0054S000000Ms6RQAS","","","","","false","true","42177182337892182","","","",""
"a2G4S0000006US4UAM","0054S000000Ms6RQAS","","Deposits","2020-06-02T17:59:20.000Z","0054S000000Ms6RQAS","2020-06-02T17:59:20.000Z","0054S000000Ms6RQAS","","","","","false","true","42177182337892183","","","",""
"a2G4S0000006US5UAM","0054S000000Ms6RQAS","","pp-tn-review-detail","2020-06-02T17:59:20.000Z","0054S000000Ms6RQAS","2020-06-02T17:59:20.000Z","0054S000000Ms6RQAS","","","","","false","true","42623826249591830","","","",""
"a2G4S0000006US6UAM","0054S000000Ms6RQAS","","Credit Actions New Package Details","2020-06-02T17:59:20.000Z","0054S000000Ms6RQAS","2020-06-02T17:59:20.000Z","0054S000000Ms6RQAS","","","","","false","true","42288156731909944","","","",""
"a2G4S0000006US7UAM","0054S000000Ms6RQAS","","Supplementary Details","2020-06-02T17:59:20.000Z","0054S000000Ms6RQAS","2020-06-02T17:59:20.000Z","0054S000000Ms6RQAS","","","","","false","true","38211585604340854","","","",""
"a2G4S0000006US8UAM","0054S000000SW21QAG","","Manage Budget Screen","2020-06-02T17:59:20.000Z","0054S000000SW21QAG","2020-06-02T17:59:20.000Z","0054S000000SW21QAG","","","","","false","true","42622713689821035","","","",""
"a2G4S0000006US9UAM","0054S000000SW21QAG","","Draw Overview Screen","2020-06-02T17:59:20.000Z","0054S000000SW21QAG","2020-06-02T17:59:20.000Z","0054S000000SW21QAG","","","","","false","true","42189632957882651","","","",""
"a2G4S0000006USAUA2","0054S000000SW21QAG","","Draw History Screen","2020-06-02T17:59:20.000Z","0054S000000SW21QAG","2020-06-02T17:59:20.000Z","0054S000000SW21QAG","","","","","false","true","42419863457011593","","","",""
"a2G4S0000006USBUA2","0054S000000Ms6RQAS","","Narrative Booked","2020-06-02T17:59:20.000Z","0054S000000Ms6RQAS","2020-06-02T17:59:20.000Z","0054S000000Ms6RQAS","","","","","false","true","10941585604340854","","","",""
"a2G4S0000006USCUA2","0054S000000Ms6RQAS","","Booked Information Booked","2020-06-02T17:59:20.000Z","0054S000000Ms6RQAS","2020-06-02T17:59:20.000Z","0054S000000Ms6RQAS","","","","","false","true","69801585604340854","","","",""
"a2G4S0000006USDUA2","0054S000000Ms6RQAS","","Balance Details Booked","2020-06-02T17:59:20.000Z","0054S000000Ms6RQAS","2020-06-02T17:59:20.000Z","0054S000000Ms6RQAS","","","","","false","true","25741585604340854","","","",""
"a2G4S0000006USEUA2","0054S000000Ms6RQAS","","Editable Fields","2020-06-02T17:59:20.000Z","0054S000000Ms6RQAS","2020-06-02T17:59:20.000Z","0054S000000Ms6RQAS","","","","","false","true","07281585604340854","","","",""
"a2G4S0000006USFUA2","0054S000000Ms6RQAS","","Treasury Service Details","2020-06-02T17:59:20.000Z","0054S000000Ms6RQAS","2020-06-02T17:59:20.000Z","0054S000000Ms6RQAS","","","","","false","true","42634238437115000","","","",""
"a2G4S0000006USGUA2","0054S000000Ms6RQAS","","Booked Details","2020-06-02T17:59:20.000Z","0054S000000Ms6RQAS","2020-06-02T17:59:20.000Z","0054S000000Ms6RQAS","","","","","false","true","XXX44432723848796","","","",""
"a2G4S0000006USHUA2","0054S000000Ms6RQAS","","Memos Booked","2020-06-02T17:59:20.000Z","0054S000000Ms6RQAS","2020-06-02T17:59:20.000Z","0054S000000Ms6RQAS","","","","","false","true","15561585604340854","","","",""
"a2G4S0000006USIUA2","0054S000000SW2aQAG","","nCino UI Configuration Builder","2020-06-02T17:59:20.000Z","0054S000000SW2aQAG","2020-06-02T17:59:20.000Z","0054S000000SW2aQAG","","","","","false","true","42662065752774924","","","",""
"a2G4S0000006USJUA2","0054S000000SW2aQAG","","nCino UI Configuration Builder","2020-06-02T17:59:20.000Z","0054S000000SW2aQAG","2020-06-02T17:59:20.000Z","0054S000000SW2aQAG","","","","","false","true","42809526266709287","","","",""
"a2G4S0000006USKUA2","0054S000000Ms6RQAS","","Standard Loan Credit Memo","2020-06-02T17:59:20.000Z","0054S000000Ms6RQAS","2020-06-02T17:59:20.000Z","0054S000000Ms6RQAS","","","","","true","true","42705854020893109","","","",""
"a2G4S0000006USLUA2","0054S000000Ms6RQAS","","Scenario Card","2020-06-02T17:59:20.000Z","0054S000000Ms6RQAS","2020-06-02T17:59:20.000Z","0054S000000Ms6RQAS","","","","","false","true","Scenario_Card_Screen","","","",""
"a2G4S0000006USMUA2","0054S000000Ms6RQAS","","Default_Collateral_Search","2020-06-02T17:59:20.000Z","0054S000000Ms6RQAS","2020-06-02T17:59:20.000Z","0054S000000Ms6RQAS","","","","","false","true","42270935084784006","","","",""
"a2G4S0000006USNUA2","0054S000000Ms6RQAS","","Collateral Creation Screen","2020-06-02T17:59:20.000Z","0054S000000Ms6RQAS","2020-06-02T17:59:20.000Z","0054S000000Ms6RQAS","","","","","false","true","42363993400862416","","","",""
"a2G4S0000006USOUA2","0054S000000Ms6RQAS","","Default Collateral Edit Screen","2020-06-02T17:59:20.000Z","0054S000000Ms6RQAS","2020-06-02T17:59:20.000Z","0054S000000Ms6RQAS","","","","","false","true","42982418717578930","","","",""
"a2G4S0000006USPUA2","0054S000000SW21QAG","","Entity Involvement New Relationship","2020-06-02T17:59:20.000Z","0054S000000SW21QAG","2020-06-02T17:59:20.000Z","0054S000000SW21QAG","","","","","false","true","42237304151615067","","","",""
"a2G4S0000006USQUA2","0054S000000SW21QAG","","Questionnaire Admin Screen Section Lookup Screen","2020-06-02T17:59:20.000Z","0054S000000SW21QAG","2020-06-02T17:59:20.000Z","0054S000000SW21QAG","","","","","false","true","42624099234463611","","","",""
"a2G4S0000006USRUA2","0054S000000SW2ZQAW","","Document Manager Bulk Update","2020-06-02T17:59:20.000Z","0054S000000SW2ZQAW","2020-06-02T17:59:20.000Z","0054S000000SW2ZQAW","","","","","false","true","5B674535_403D_4919_B07E_132B31442B5A","","","",""
"a2G4S0000006USSUA2","0054S000000Ms6RQAS","","Appraisal Fee Screen","2020-06-02T17:59:20.000Z","0054S000000Ms6RQAS","2020-06-02T17:59:20.000Z","0054S000000Ms6RQAS","","","","","false","true","6573485672623625","","","",""
"a2G4S0000006USTUA2","0054S000000Ms6RQAS","","Product Package Entity","2020-06-02T17:59:20.000Z","0054S000000Ms6RQAS","2020-06-02T17:59:20.000Z","0054S000000Ms6RQAS","","","","","false","true","42672576519267017","","","",""
"a2G4S0000006USUUA2","0054S000000Ms6RQAS","","Entity Involvement New Relationship","2020-06-02T17:59:20.000Z","0054S000000Ms6RQAS","2020-06-02T17:59:20.000Z","0054S000000Ms6RQAS","","","","","false","true","42498411924731353","","","",""
"a2G4S0000006USVUA2","0054S000000Ms6RQAS","","Collateral-Default-PP","2020-06-02T17:59:20.000Z","0054S000000Ms6RQAS","2020-06-02T17:59:20.000Z","0054S000000Ms6RQAS","","","","","false","true","723454364762362365","","","",""
"a2G4S0000006USWUA2","0054S000000SW21QAG","","Entity Involvement New Relationship","2020-06-02T17:59:20.000Z","0054S000000SW21QAG","2020-06-02T17:59:20.000Z","0054S000000SW21QAG","","","","","false","true","42306138289641147","","","",""
"a2G4S0000006USXUA2","0054S000000SW21QAG","","Product Package Entity","2020-06-02T17:59:20.000Z","0054S000000SW21QAG","2020-06-02T17:59:20.000Z","0054S000000SW21QAG","","","","","false","true","42733556589936485","","","",""
"a2G4S0000006USYUA2","0054S000000SW21QAG","","Credit Actions New Package Details","2020-06-02T17:59:20.000Z","0054S000000SW21QAG","2020-06-02T17:59:20.000Z","0054S000000SW21QAG","","","","","false","true","42002221478896859","","","",""
"a2G4S0000006USZUA2","0054S000000SW21QAG","","Default Loan Facility Creation Fields","2020-06-02T17:59:20.000Z","0054S000000SW21QAG","2020-06-02T17:59:20.000Z","0054S000000SW21QAG","","","","","false","true","42300179894722648","","","",""
"a2G4S0000006USaUAM","0054S000000Ms6RQAS","","Standard Product Package Credit Memo","2020-06-02T17:59:20.000Z","0054S000000Ms6RQAS","2020-06-02T17:59:20.000Z","0054S000000Ms6RQAS","","","","","true","true","42674028392105268","","","",""
"a2G4S0000006USbUAM","0054S000000SW2aQAG","","nCino UI Configuration Builder","2020-06-02T17:59:20.000Z","0054S000000SW2aQAG","2020-06-02T17:59:20.000Z","0054S000000SW2aQAG","","","","","false","true","42623512920423307","","","",""
"a2G4S0000006UScUAM","0054S000000Ms6RQAS","","Pricing Options","2020-06-02T17:59:20.000Z","0054S000000Ms6RQAS","2020-06-02T17:59:20.000Z","0054S000000Ms6RQAS","","","","","false","true","42027537690378711","","","",""
"a2G4S0000006USdUAM","0054S000000Ms6RQAS","","Borrowing Structure Information","2020-06-02T17:59:20.000Z","0054S000000Ms6RQAS","2020-06-02T17:59:20.000Z","0054S000000Ms6RQAS","","","","","false","true","42877652000553004","","","",""
"a2G4S0000006USeUAM","0054S000000Ms6RQAS","","Loan Dashboard Summary Screen","2020-06-02T17:59:20.000Z","0054S000000Ms6RQAS","2020-06-02T17:59:20.000Z","0054S000000Ms6RQAS","","","","","false","true","42163231605795238","","","",""
"a2G4S0000006USfUAM","0054S000000Ms6RQAS","","Collateral","2020-06-02T17:59:20.000Z","0054S000000Ms6RQAS","2020-06-02T17:59:20.000Z","0054S000000Ms6RQAS","","","","","false","true","42271563503363812","","","",""
"a2G4S0000006USgUAM","0054S000000Ms6RQAS","","HMDA Screen 1","2020-06-02T17:59:20.000Z","0054S000000Ms6RQAS","2020-06-02T17:59:20.000Z","0054S000000Ms6RQAS","","","","","false","true","42601932652128328","","","",""
"a2G4S0000006UShUAM","0054S000000Ms6RQAS","","Loan Details","2020-06-02T17:59:20.000Z","0054S000000Ms6RQAS","2020-06-02T17:59:20.000Z","0054S000000Ms6RQAS","","","","","false","true","42817353373214065","","","",""
"a2G4S0000006USiUAM","0054S000000Ms6RQAS","","Referral","2020-06-02T17:59:20.000Z","0054S000000Ms6RQAS","2020-06-02T17:59:20.000Z","0054S000000Ms6RQAS","","","","","false","true","42894029995684482","","","",""
"a2G4S0000006USjUAM","0054S000000Ms6RQAS","","Balance Details","2020-06-02T17:59:20.000Z","0054S000000Ms6RQAS","2020-06-02T17:59:20.000Z","0054S000000Ms6RQAS","","","","","false","true","42791611198474204","","","",""
"a2G4S0000006USkUAM","0054S000000Ms6RQAS","","Booked Details","2020-06-02T17:59:20.000Z","0054S000000Ms6RQAS","2020-06-02T17:59:20.000Z","0054S000000Ms6RQAS","","","","","false","true","42244432723848796","","","",""
"a2G4S0000006USlUAM","0054S000000Ms6RQAS","","HMDA Screen 2","2020-06-02T17:59:20.000Z","0054S000000Ms6RQAS","2020-06-02T17:59:20.000Z","0054S000000Ms6RQAS","","","","","false","true","a2G4S0000006USlUAM","","","",""
"a2G4S0000006USmUAM","0054S000000Ms6RQAS","","CRA Screen","2020-06-02T17:59:20.000Z","0054S000000Ms6RQAS","2020-06-02T17:59:20.000Z","0054S000000Ms6RQAS","","","","","false","true","a2G4S0000006USmUAM","","","",""
"a2G4S0000006USnUAM","0054S000000Ms6RQAS","","Balance Details","2020-06-02T17:59:20.000Z","0054S000000Ms6RQAS","2020-06-02T17:59:20.000Z","0054S000000Ms6RQAS","","","","","false","true","a2G4S0000006USnUAM","","","",""
"a2G4S0000006USoUAM","0054S000000Ms6RQAS","","Loan Information","2020-06-02T17:59:20.000Z","0054S000000Ms6RQAS","2020-06-02T17:59:20.000Z","0054S000000Ms6RQAS","","","","","false","true","a2G4S0000006USoUAM","","","",""
"a2G4S0000006USpUAM","0054S000000Ms6RQAS","","Booked Details","2020-06-02T17:59:20.000Z","0054S000000Ms6RQAS","2020-06-02T17:59:20.000Z","0054S000000Ms6RQAS","","","","","false","true","a2G4S0000006USpUAM","","","",""
"a2G4S0000006USqUAM","0054S000000Ms6RQAS","","Borrowing Structure","2020-06-02T17:59:20.000Z","0054S000000Ms6RQAS","2020-06-02T17:59:20.000Z","0054S000000Ms6RQAS","","","","","false","true","a2G4S0000006USqUAM","","","",""
"a2G4S0000006USrUAM","0054S000000Ms6RQAS","","Borrowing Structure Information","2020-06-02T17:59:20.000Z","0054S000000Ms6RQAS","2020-06-02T17:59:20.000Z","0054S000000Ms6RQAS","","","","","false","true","a2G4S0000006USrUAM","","","",""
"a2G4S0000006USsUAM","0054S000000Ms6RQAS","","Collateral","2020-06-02T17:59:20.000Z","0054S000000Ms6RQAS","2020-06-02T17:59:20.000Z","0054S000000Ms6RQAS","","","","","false","true","a2G4S0000006USsUAM","","","",""
"a2G4S0000006UStUAM","0054S000000Ms6RQAS","","Collateral","2020-06-02T17:59:20.000Z","0054S000000Ms6RQAS","2020-06-02T17:59:20.000Z","0054S000000Ms6RQAS","","","","","false","true","a2G4S0000006UStUAM","","","",""
"a2G4S0000006USuUAM","0054S000000Ms6RQAS","","Collateral","2020-06-02T17:59:20.000Z","0054S000000Ms6RQAS","2020-06-02T17:59:20.000Z","0054S000000Ms6RQAS","","","","","false","true","a2G4S0000006USuUAM","","","",""
"a2G4S0000006USvUAM","0054S000000Ms6RQAS","","Contacts","2020-06-02T17:59:20.000Z","0054S000000Ms6RQAS","2020-06-02T17:59:20.000Z","0054S000000Ms6RQAS","","","","","false","true","a2G4S0000006USvUAM","","","",""
"a2G4S0000006USwUAM","0054S000000Ms6RQAS","","Deposit Products","2020-06-02T17:59:20.000Z","0054S000000Ms6RQAS","2020-06-02T17:59:20.000Z","0054S000000Ms6RQAS","","","","","false","true","a2G4S0000006USwUAM","","","",""
"a2G4S0000006USxUAM","0054S000000Ms6RQAS","","HMDA Screen 1","2020-06-02T17:59:20.000Z","0054S000000Ms6RQAS","2020-06-02T17:59:20.000Z","0054S000000Ms6RQAS","","","","","false","true","a2G4S0000006USxUAM","","","",""
"a2G4S0000006USyUAM","0054S000000Ms6RQAS","","Loan Dashboard Summary Screen","2020-06-02T17:59:20.000Z","0054S000000Ms6RQAS","2020-06-02T17:59:20.000Z","0054S000000Ms6RQAS","","","","","false","true","a2G4S0000006USyUAM","","","",""
"a2G4S0000006USzUAM","0054S000000Ms6RQAS","","Loan Products","2020-06-02T17:59:20.000Z","0054S000000Ms6RQAS","2020-06-02T17:59:20.000Z","0054S000000Ms6RQAS","","","","","false","true","a2G4S0000006USzUAM","","","",""
"a2G4S0000006UT0UAM","0054S000000Ms6RQAS","","Loan Products","2020-06-02T17:59:20.000Z","0054S000000Ms6RQAS","2020-06-02T17:59:20.000Z","0054S000000Ms6RQAS","","","","","false","true","a2G4S0000006UT0UAM","","","",""
"a2G4S0000006UT1UAM","0054S000000Ms6RQAS","","Open Activities","2020-06-02T17:59:20.000Z","0054S000000Ms6RQAS","2020-06-02T17:59:20.000Z","0054S000000Ms6RQAS","","","","","false","true","a2G4S0000006UT1UAM","","","",""
"a2G4S0000006UT2UAM","0054S000000Ms6RQAS","","Other Information","2020-06-02T17:59:20.000Z","0054S000000Ms6RQAS","2020-06-02T17:59:20.000Z","0054S000000Ms6RQAS","","","","","false","true","a2G4S0000006UT2UAM","","","",""
"a2G4S0000006UT3UAM","0054S000000Ms6RQAS","","Overview","2020-06-02T17:59:20.000Z","0054S000000Ms6RQAS","2020-06-02T17:59:20.000Z","0054S000000Ms6RQAS","","","","","false","true","a2G4S0000006UT3UAM","","","",""
"a2G4S0000006UT4UAM","0054S000000Ms6RQAS","","Policy Exceptions","2020-06-02T17:59:20.000Z","0054S000000Ms6RQAS","2020-06-02T17:59:20.000Z","0054S000000Ms6RQAS","","","","","false","true","a2G4S0000006UT4UAM","","","",""
"a2G4S0000006UT5UAM","0054S000000Ms6RQAS","","Product Summary","2020-06-02T17:59:20.000Z","0054S000000Ms6RQAS","2020-06-02T17:59:20.000Z","0054S000000Ms6RQAS","","","","","false","true","a2G4S0000006UT5UAM","","","",""
"a2G4S0000006UT6UAM","0054S000000Ms6RQAS","","Referral","2020-06-02T17:59:20.000Z","0054S000000Ms6RQAS","2020-06-02T17:59:20.000Z","0054S000000Ms6RQAS","","","","","false","true","a2G4S0000006UT6UAM","","","",""
"a2G4S0000006UT7UAM","0054S000000Ms6RQAS","","Relationships","2020-06-02T17:59:20.000Z","0054S000000Ms6RQAS","2020-06-02T17:59:20.000Z","0054S000000Ms6RQAS","","","","","false","true","a2G4S0000006UT7UAM","","","",""
"a2G4S0000006UT8UAM","0054S000000Ms6RQAS","","Contacts","2020-06-02T17:59:20.000Z","0054S000000Ms6RQAS","2020-06-02T17:59:20.000Z","0054S000000Ms6RQAS","","","","","false","true","a2G4S0000006UT8UAM","","","",""
"a2G4S0000006UT9UAM","0054S000000Ms6RQAS","","id-documents-screen","2020-06-02T17:59:20.000Z","0054S000000Ms6RQAS","2020-06-02T17:59:20.000Z","0054S000000Ms6RQAS","","","","","false","true","42586691742860430","","","",""
"a2G4S0000006UTAUA2","0054S000000Ms6RQAS","","Credit Memo - Long Form","2020-06-02T17:59:20.000Z","0054S000000Ms6RQAS","2020-06-02T17:59:20.000Z","0054S000000Ms6RQAS","","","","","false","true","42604838885981004","","","",""
"a2G4S0000006UTBUA2","0054S000000Ms6RQAS","","Credit Memo - Short Form","2020-06-02T17:59:20.000Z","0054S000000Ms6RQAS","2020-06-02T17:59:20.000Z","0054S000000Ms6RQAS","","","","","false","true","42083830623946866","","","",""
"a2G4S0000006UTCUA2","0054S000000Ms6RQAS","","Credit Memo - Short Form","2020-06-02T17:59:20.000Z","0054S000000Ms6RQAS","2020-06-02T17:59:20.000Z","0054S000000Ms6RQAS","","","","","false","true","42958632144835122","","","",""
"a2G4S0000006UTDUA2","0054S000000Ms6RQAS","","Credit Memo - Long Form","2020-06-02T17:59:20.000Z","0054S000000Ms6RQAS","2020-06-02T17:59:20.000Z","0054S000000Ms6RQAS","","","","","false","true","42933790367002733","","","",""
"a2G4S0000006UTEUA2","0054S000000Ms6RQAS","","Credit Memo - SBA","2020-06-02T17:59:20.000Z","0054S000000Ms6RQAS","2020-06-02T17:59:20.000Z","0054S000000Ms6RQAS","","","","","false","true","42096305870691543","","","",""
"a2G4S0000006UTFUA2","0054S000000Ms6RQAS","","Credit Memo - SBA","2020-06-02T17:59:20.000Z","0054S000000Ms6RQAS","2020-06-02T17:59:20.000Z","0054S000000Ms6RQAS","","","","","false","true","42096050480516479","","","",""
"a2G4S0000006UTGUA2","0054S000000Ms6RQAS","","Credit Memo - Long Form","2020-06-02T17:59:20.000Z","0054S000000Ms6RQAS","2020-06-02T17:59:20.000Z","0054S000000Ms6RQAS","","","","","false","true","42172726276338115","","","",""
"a2G4S0000006UTHUA2","0054S000000Ms6RQAS","","Credit Memo - Short Form","2020-06-02T17:59:20.000Z","0054S000000Ms6RQAS","2020-06-02T17:59:20.000Z","0054S000000Ms6RQAS","","","","","false","true","42749844514030004","","","",""
"a2G4S0000006UTIUA2","0054S000000Ms6RQAS","","SBA Form 1919","2020-06-02T17:59:20.000Z","0054S000000Ms6RQAS","2020-06-02T17:59:20.000Z","0054S000000Ms6RQAS","","","","","false","true","a2G4S0000006UTIUA2","","","",""
"a2G4S0000006UTJUA2","0054S000000Ms6RQAS","","SBA Form 1920","2020-06-02T17:59:20.000Z","0054S000000Ms6RQAS","2020-06-02T17:59:20.000Z","0054S000000Ms6RQAS","","","","","false","true","a2G4S0000006UTJUA2","","","",""
"a2G4S0000006UTKUA2","0054S000000Ms6RQAS","","SBA Form 1920","2020-06-02T17:59:20.000Z","0054S000000Ms6RQAS","2020-06-02T17:59:20.000Z","0054S000000Ms6RQAS","","","","","false","true","a2G4S0000006UTKUA2","","","",""
"a2G4S0000006UTLUA2","0054S000000Ms6RQAS","","SBA Form 1920","2020-06-02T17:59:20.000Z","0054S000000Ms6RQAS","2020-06-02T17:59:20.000Z","0054S000000Ms6RQAS","","","","","false","true","a2G4S0000006UTLUA2","","","",""
"a2G4S0000006UTMUA2","0054S000000Ms6RQAS","","SBA Form 1920","2020-06-02T17:59:20.000Z","0054S000000Ms6RQAS","2020-06-02T17:59:20.000Z","0054S000000Ms6RQAS","","","","","false","true","a2G4S0000006UTMUA2","","","",""
"a2G4S0000006UTNUA2","0054S000000Ms6RQAS","","SBA Form 601","2020-06-02T17:59:20.000Z","0054S000000Ms6RQAS","2020-06-02T17:59:20.000Z","0054S000000Ms6RQAS","","","","","false","true","a2G4S0000006UTNUA2","","","",""
"a2G4S0000006cJyUAI","0054S000000Ms6RQAS","","DEP Personal Info (Individual)","2020-06-16T19:09:22.000Z","0054S000000Ms6RQAS","2020-06-16T19:09:22.000Z","0054S000000Ms6RQAS","","","","","false","true","42747891239502889","","","",""
"a2G4S0000006cJzUAI","0054S000000Ms6RQAS","","DEP Personal Info (Individual Additional Owner)","2020-06-16T19:09:22.000Z","0054S000000Ms6RQAS","2020-06-16T19:09:22.000Z","0054S000000Ms6RQAS","","","","","false","true","42877898799061822","","","",""
"a2G4S0000006cK0UAI","0054S000000Ms6RQAS","","DEP Business Info","2020-06-16T19:09:22.000Z","0054S000000Ms6RQAS","2020-06-16T19:09:22.000Z","0054S000000Ms6RQAS","","","","","false","true","42521926955999322","","","",""
"a2G4S0000006cK1UAI","0054S000000Ms6RQAS","","DEP Personal Info (Business)- OG","2020-06-16T19:09:22.000Z","0054S000000Ms6RQAS","2020-08-25T19:22:19.000Z","0054S000000Ms6RQAS","","","","","false","true","42692400959611527","","","",""
"a2G4S0000006cK2UAI","0054S000000Ms6RQAS","","DEP Personal Info (Additional Owner)","2020-06-16T19:09:22.000Z","0054S000000Ms6RQAS","2020-06-16T19:09:22.000Z","0054S000000Ms6RQAS","","","","","false","true","42098714564267593","","","",""
"a2G4S0000006ckVUAQ","0054S000000Ms6RQAS","","Funding Methods","2020-06-17T19:12:48.000Z","0054S000000Ms6RQAS","2020-06-17T19:12:48.000Z","0054S000000Ms6RQAS","","","","","false","true","42458384193774495","","","",""
"a2G4S0000006dUeUAI","0054S000000Ms6RQAS","","Questionnaire Admin Screen Section Lookup Screen","2020-06-19T12:52:17.000Z","0054S000000Ms6RQAS","2020-06-19T12:52:17.000Z","0054S000000Ms6RQAS","","","","","false","true","42367365787171648","","","",""
"a2G4S0000006eL0UAI","0054S000000Ms6RQAS","","Add Beneficiaries","2020-06-22T20:57:23.000Z","0054S000000Ms6RQAS","2020-11-09T18:36:00.000Z","0054S000000Ms6RQAS","","","","","false","true","42933845298338736","","4.0","","Beneficiary Information"
"a2G4S0000006ePYUAY","0054S000000NfYhQAK","","ReviewSubmitLoan","2020-06-23T14:00:46.000Z","0054S000000NfYhQAK","2020-06-23T14:00:46.000Z","0054S000000NfYhQAK","","","","","false","false","663C2A1F_6450_4217_911C_753916454F18","","","",""
"a2G4S0000006ePZUAY","0054S000000NfYhQAK","","ReviewSubmitDeposit","2020-06-23T14:00:47.000Z","0054S000000NfYhQAK","2020-06-23T14:00:47.000Z","0054S000000NfYhQAK","","","","","false","false","32784779_5423_4348_B702_0A3978035931","","","",""
"a2G4S0000006fB1UAI","0054S000000Ms6RQAS","","DEP Interest Information (Individual)","2020-06-24T20:13:13.000Z","0054S000000Ms6RQAS","2020-06-24T20:13:13.000Z","0054S000000Ms6RQAS","","","","","false","true","42810462241793916","","","",""
"a2G4S000000syBuUAI","0054S000000Ms6RQAS","","DEP Personal Info (business)","2020-08-25T18:55:27.000Z","0054S000000Ms6RQAS","2020-08-25T19:11:36.000Z","0054S000000Ms6RQAS","","","","","false","true","45611598381727710","","","",""
"a2G4S000000syC4UAI","0054S000000Ms6RQAS","","OA - Overdraft Opt-In Acknowledgement","2020-08-26T15:08:46.000Z","0054S000000Ms6RQAS","2020-08-26T15:08:46.000Z","0054S000000Ms6RQAS","","","","","false","true","42774638895939535","","","",""
"a2G4S000000syKDUAY","0054S000000Ms6RQAS","","DEP Personal Info (business co owner)","2020-08-27T18:35:23.000Z","0054S000000Ms6RQAS","2020-12-16T22:28:36.000Z","0054S000000Ms6RQAS","","","","","false","true","66201598553323869","","","",""
"a2G4S000000syOUUAY","0054S000000Ms6RQAS","","DAO In-Branch Workflow- Product Information","2020-09-01T19:11:56.000Z","0054S000000Ms6RQAS","2020-09-01T19:11:56.000Z","0054S000000Ms6RQAS","","","","","false","true","42716762031533477","","","",""
"a2G4S000000syOeUAI","0054S000000Ms6RQAS","","DAO In-Branch - Ancillary Services Information","2020-09-01T20:18:47.000Z","0054S000000Ms6RQAS","2020-09-01T20:18:47.000Z","0054S000000Ms6RQAS","","","","","false","true","42003474925522009","","","",""
"a2G4S000000syOjUAI","0054S000000Ms6RQAS","","Deposit Maintenance Delta","2020-09-01T21:34:09.000Z","0054S000000Ms6RQAS","2020-09-01T21:34:09.000Z","0054S000000Ms6RQAS","","","","","false","true","42416125947579060","","","",""
"a2G4S000000sySqUAI","0054S000000Ms6RQAS","","Statement Mailing Address","2020-09-04T16:10:12.000Z","0054S000000Ms6RQAS","2020-09-04T16:10:12.000Z","0054S000000Ms6RQAS","","","","","false","true","42649164738446918","","","",""
"a2G4S000000sySvUAI","0054S000000Ms6RQAS","","Dummy Screen- Enterprise Onboarding conditional rendering","2020-09-04T16:23:13.000Z","0054S000000Ms6RQAS","2021-02-19T17:31:29.000Z","0054S000000Ms6RQAS","","","","","false","true","42749540180904717","","","",""
"a2G4S000000syX7UAI","0054S000000Ms6RQAS","","OA - Reg E Opt-In Acknowledgement","2020-09-09T15:40:36.000Z","0054S000000Ms6RQAS","2020-09-09T15:40:36.000Z","0054S000000Ms6RQAS","","","","","false","true","42852854430898802","","","",""
"a2G4S000000syhqUAA","0054S000000Ms6RQAS","","Beneficial Owners","2020-09-15T18:47:20.000Z","0054S000000Ms6RQAS","2020-09-16T18:37:51.000Z","0054S000000Ms6RQAS","","","","","false","true","42420206330006732","","5.0","0.0","Beneficial Owner"
"a2G4S000000syhvUAA","0054S000000Ms6RQAS","","Secured SBL Eligibility - Test PDI","2020-09-16T15:31:15.000Z","0054S000000Ms6RQAS","2020-09-16T15:31:15.000Z","0054S000000Ms6RQAS","","","","","false","true","42522355733503858","","","",""
"a2G4S000000syiAUAQ","0054S000000Ms6RQAS","","Application Details","2020-09-21T20:14:23.000Z","0054S000000Ms6RQAS","2020-09-21T20:14:23.000Z","0054S000000Ms6RQAS","","","","","false","true","42031262758117926","","","",""
"a2G4S000000syiBUAQ","0054S000000Ms6RQAS","","Collateral Summary","2020-09-21T20:14:23.000Z","0054S000000Ms6RQAS","2020-09-21T20:14:23.000Z","0054S000000Ms6RQAS","","","","","false","true","42844102433828463","","","",""
"a2G4S000000syiCUAQ","0054S000000Ms6RQAS","","Enhanced Fees Management","2020-09-21T20:14:23.000Z","0054S000000Ms6RQAS","2020-09-21T20:14:23.000Z","0054S000000Ms6RQAS","","","","","false","true","42636543826044552","","","",""
"a2G4S000000syiDUAQ","0054S000000Ms6RQAS","","Third Party Management","2020-09-21T20:14:23.000Z","0054S000000Ms6RQAS","2020-09-21T20:14:23.000Z","0054S000000Ms6RQAS","","","","","false","true","42777805345713930","","","",""
"a2G4S000000syiEUAQ","0054S000000Ms6RQAS","","Underwriting Details","2020-09-21T20:14:23.000Z","0054S000000Ms6RQAS","2020-09-21T20:14:23.000Z","0054S000000Ms6RQAS","","","","","false","true","42328640624982813","","","",""
"a2G4S000000syiFUAQ","0054S000000Ms6RQAS","","HMDA","2020-09-21T20:14:23.000Z","0054S000000Ms6RQAS","2020-09-21T20:14:23.000Z","0054S000000Ms6RQAS","","","","","false","true","42205446113358093","","","",""
"a2G4S000000syiGUAQ","0054S000000Ms6RQAS","","Application Details","2020-09-21T20:31:07.000Z","0054S000000Ms6RQAS","2020-09-21T20:31:07.000Z","0054S000000Ms6RQAS","","","","","false","true","59661600720267874","","","",""
"a2G4S000000syiHUAQ","0054S000000Ms6RQAS","","Collateral Summary","2020-09-21T20:31:07.000Z","0054S000000Ms6RQAS","2020-09-21T20:31:07.000Z","0054S000000Ms6RQAS","","","","","false","true","55841600720267874","","","",""
"a2G4S000000syiIUAQ","0054S000000Ms6RQAS","","Enhanced Fees Management","2020-09-21T20:31:07.000Z","0054S000000Ms6RQAS","2020-09-21T20:31:07.000Z","0054S000000Ms6RQAS","","","","","false","true","53471600720267875","","","",""
"a2G4S000000syiJUAQ","0054S000000Ms6RQAS","","Third Party Management","2020-09-21T20:31:07.000Z","0054S000000Ms6RQAS","2020-09-21T20:31:07.000Z","0054S000000Ms6RQAS","","","","","false","true","32571600720267875","","","",""
"a2G4S000000syiKUAQ","0054S000000Ms6RQAS","","Underwriting Details1","2020-09-21T20:31:07.000Z","0054S000000Ms6RQAS","2020-10-12T18:17:33.000Z","0054S000000Ms6RQAS","","","","","false","true","07911600720267875","","","",""
"a2G4S000000syiLUAQ","0054S000000Ms6RQAS","","HMDA","2020-09-21T20:31:07.000Z","0054S000000Ms6RQAS","2020-09-21T20:31:07.000Z","0054S000000Ms6RQAS","","","","","false","true","43751600720267875","","","",""
"a2G4S000000syiMUAQ","0054S000000Ms6RQAS","","Application Details","2020-09-21T20:32:21.000Z","0054S000000Ms6RQAS","2020-09-21T20:32:21.000Z","0054S000000Ms6RQAS","","","","","false","true","97481600720341504","","","",""
"a2G4S000000syiNUAQ","0054S000000Ms6RQAS","","Collateral Summary","2020-09-21T20:32:21.000Z","0054S000000Ms6RQAS","2020-09-21T20:32:21.000Z","0054S000000Ms6RQAS","","","","","false","true","97701600720341505","","","",""
"a2G4S000000syiOUAQ","0054S000000Ms6RQAS","","Enhanced Fees Management","2020-09-21T20:32:21.000Z","0054S000000Ms6RQAS","2020-09-21T20:32:21.000Z","0054S000000Ms6RQAS","","","","","false","true","91121600720341505","","","",""
"a2G4S000000syiPUAQ","0054S000000Ms6RQAS","","Third Party Management","2020-09-21T20:32:21.000Z","0054S000000Ms6RQAS","2020-09-21T20:32:21.000Z","0054S000000Ms6RQAS","","","","","false","true","56121600720341505","","","",""
"a2G4S000000syiQUAQ","0054S000000Ms6RQAS","","Underwriting Details","2020-09-21T20:32:21.000Z","0054S000000Ms6RQAS","2020-09-21T20:32:21.000Z","0054S000000Ms6RQAS","","","","","false","true","94591600720341505","","","",""
"a2G4S000000syiRUAQ","0054S000000Ms6RQAS","","HMDA","2020-09-21T20:32:21.000Z","0054S000000Ms6RQAS","2020-09-21T20:32:21.000Z","0054S000000Ms6RQAS","","","","","false","true","81231600720341506","","","",""
"a2G4S000000symZUAQ","0054S000000Ms6RQAS","","Credit Authorization/Joint Intent","2020-09-24T12:36:25.000Z","0054S000000Ms6RQAS","2020-09-24T12:36:25.000Z","0054S000000Ms6RQAS","","","","","false","true","42820867345365240","","","",""
"a2G4S000000symeUAA","0054S000000Ms6RQAS","","Credit Authorization","2020-09-24T16:15:33.000Z","0054S000000Ms6RQAS","2020-09-24T16:15:33.000Z","0054S000000Ms6RQAS","","","","","false","true","42829359422609292","","","",""
"a2G4S000000syvRUAQ","0054S000000Ms6RQAS","","Next Steps","2020-10-05T22:07:28.000Z","0054S000000Ms6RQAS","2020-10-05T22:07:28.000Z","0054S000000Ms6RQAS","","","","","false","true","42597622962511405","","","",""
"a2G4S000000syvWUAQ","0054S000000Ms6RQAS","","Manual Underwriting","2020-10-05T22:17:50.000Z","0054S000000Ms6RQAS","2020-10-05T22:17:50.000Z","0054S000000Ms6RQAS","","","","","false","true","42798477393046069","","","",""
"a2G4S000000syvbUAA","0054S000000Ms6RQAS","","Approval Details","2020-10-05T22:28:59.000Z","0054S000000Ms6RQAS","2020-10-05T22:28:59.000Z","0054S000000Ms6RQAS","","","","","false","true","42722997428486649","","","",""
"a2G4S000000syvgUAA","0054S000000Ms6RQAS","","Entity ScoreCard Details","2020-10-06T01:37:45.000Z","0054S000000Ms6RQAS","2020-10-06T01:37:45.000Z","0054S000000Ms6RQAS","","","","","false","true","42763832727972046","","","",""
"a2G4S000000syvlUAA","0054S000000Ms6RQAS","","Secured RL Eligibility","2020-10-07T13:35:21.000Z","0054S000000Ms6RQAS","2020-10-07T13:35:21.000Z","0054S000000Ms6RQAS","","","","","false","true","42680677819141440","","","",""
"a2G4S000000syvmUAA","0054S000000Ms6RQAS","","RL Personal","2020-10-07T13:35:21.000Z","0054S000000Ms6RQAS","2020-10-07T13:35:21.000Z","0054S000000Ms6RQAS","","","","","false","true","42839024562930024","","","",""
"a2G4S000000syvnUAA","0054S000000Ms6RQAS","","Secured RL Personal (Individual Other Involved)","2020-10-07T13:35:21.000Z","0054S000000Ms6RQAS","2020-10-07T13:35:21.000Z","0054S000000Ms6RQAS","","","","","false","true","42134323729079888","","","",""
"a2G4S000000syvqUAA","0054S000000Ms6RQAS","","Secured RL Eligibility","2020-10-07T13:44:11.000Z","0054S000000Ms6RQAS","2020-10-07T13:44:11.000Z","0054S000000Ms6RQAS","","","","","false","true","12661602078251380","","","",""
"a2G4S000000syvrUAA","0054S000000Ms6RQAS","","RL Personal","2020-10-07T13:44:11.000Z","0054S000000Ms6RQAS","2020-10-07T13:44:11.000Z","0054S000000Ms6RQAS","","","","","false","true","27521602078251383","","","",""
"a2G4S000000syw0UAA","0054S000000Ms6RQAS","","Online Income Information","2020-10-08T15:04:49.000Z","0054S000000Ms6RQAS","2020-10-19T13:33:44.000Z","0054S000000Ms6RQAS","","","","","false","true","42234563213912901","","4.0","1.0",""
"a2G4S000000sz0CUAQ","0054S000000Ms6RQAS","","OARL Personal Info (Individual)","2020-10-12T20:47:47.000Z","0054S000000Ms6RQAS","2020-10-12T20:47:47.000Z","0054S000000Ms6RQAS","","","","","false","true","42323239843997996","","","",""
"a2G4S000000sz0RUAQ","0054S000000Ms6RQAS","","Secured RL Personal (Individual Other Involved)","2020-10-13T15:30:21.000Z","0054S000000Ms6RQAS","2020-10-13T15:30:21.000Z","0054S000000Ms6RQAS","","","","","false","true","14111602603021209","","","",""
"a2G4S000000sz57UAA","0054S000000Ms6RQAS","","Rental Expense","2020-10-13T20:19:15.000Z","0054S000000Ms6RQAS","2020-10-13T20:19:15.000Z","0054S000000Ms6RQAS","","","","","false","true","42676652900382649","","1.0","1.0",""
"a2G4S000000sz9iUAA","0054S000000Ms6RQAS","","Application Details","2020-10-15T12:23:51.000Z","0054S000000Ms6RQAS","2020-10-15T12:23:51.000Z","0054S000000Ms6RQAS","","","","","false","true","46641602764631365","","","",""
"a2G4S000000sz9jUAA","0054S000000Ms6RQAS","","Collateral Summary","2020-10-15T12:23:51.000Z","0054S000000Ms6RQAS","2020-10-15T12:23:51.000Z","0054S000000Ms6RQAS","","","","","false","true","44971602764631365","","","",""
"a2G4S000000sz9kUAA","0054S000000Ms6RQAS","","Enhanced Fees Management","2020-10-15T12:23:51.000Z","0054S000000Ms6RQAS","2020-10-15T12:23:51.000Z","0054S000000Ms6RQAS","","","","","false","true","70101602764631366","","","",""
"a2G4S000000sz9lUAA","0054S000000Ms6RQAS","","Third Party Management","2020-10-15T12:23:51.000Z","0054S000000Ms6RQAS","2020-10-15T12:23:51.000Z","0054S000000Ms6RQAS","","","","","false","true","48401602764631366","","","",""
"a2G4S000000sz9mUAA","0054S000000Ms6RQAS","","Underwriting Details1","2020-10-15T12:23:51.000Z","0054S000000Ms6RQAS","2020-10-15T12:23:51.000Z","0054S000000Ms6RQAS","","","","","false","true","23681602764631366","","","",""
"a2G4S000000sz9nUAA","0054S000000Ms6RQAS","","HMDA","2020-10-15T12:23:51.000Z","0054S000000Ms6RQAS","2020-10-15T12:23:51.000Z","0054S000000Ms6RQAS","","","","","false","true","73351602764631366","","","",""
"a2G4S000000sz9oUAA","0054S000000Ms6RQAS","","Borrowing Structure","2020-10-15T12:23:51.000Z","0054S000000Ms6RQAS","2020-10-15T12:57:44.000Z","0054S000000Ms6RQAS","","","","","false","true","71161602764631367","","","",""
"a2G4S000000sz9pUAA","0054S000000Ms6RQAS","","Next Steps","2020-10-15T12:23:51.000Z","0054S000000Ms6RQAS","2020-10-15T12:23:51.000Z","0054S000000Ms6RQAS","","","","","false","true","42621602764631367","","","",""
"a2G4S000000sz9qUAA","0054S000000Ms6RQAS","","Manual Underwriting","2020-10-15T12:23:51.000Z","0054S000000Ms6RQAS","2020-10-15T12:23:51.000Z","0054S000000Ms6RQAS","","","","","false","true","81511602764631367","","","",""
"a2G4S000000sz9rUAA","0054S000000Ms6RQAS","","Approval Details","2020-10-15T12:23:51.000Z","0054S000000Ms6RQAS","2020-10-15T12:23:51.000Z","0054S000000Ms6RQAS","","","","","false","true","37541602764631367","","","",""
"a2G4S000000sz9sUAA","0054S000000Ms6RQAS","","Application Details","2020-10-15T12:29:13.000Z","0054S000000Ms6RQAS","2020-10-15T12:47:27.000Z","0054S000000Ms6RQAS","","","","","false","true","42724462769795377","","","",""
"a2G4S000000sz9xUAA","0054S000000Ms6RQAS","","Loan Team","2020-10-15T12:43:26.000Z","0054S000000Ms6RQAS","2020-10-15T12:43:26.000Z","0054S000000Ms6RQAS","","","","","false","true","42799819999780737","","","",""
"a2G4S000000szA7UAI","0054S000000Ms6RQAS","","Collateral- Locked","2020-10-15T13:49:12.000Z","0054S000000Ms6RQAS","2020-10-15T13:49:12.000Z","0054S000000Ms6RQAS","","","","","false","true","42741467655006969","","","",""
"a2G4S000000szACUAY","0054S000000Ms6RQAS","","Retail - Editable Details","2020-10-15T13:59:21.000Z","0054S000000Ms6RQAS","2020-10-15T13:59:21.000Z","0054S000000Ms6RQAS","","","","","false","true","42220999464658455","","","",""
"a2G4S000000szEJUAY","0054S000000Ms6RQAS","","OA Titled","2020-10-15T17:15:27.000Z","0054S000000Ms6RQAS","2020-10-15T17:15:27.000Z","0054S000000Ms6RQAS","","","","","false","true","42129827787198928","","","",""
"a2G4S000000szVKUAY","0054S000000Ms6RQAS","","Secured RL Eligibility","2020-10-19T17:51:37.000Z","0054S000000Ms6RQAS","2020-10-19T17:51:37.000Z","0054S000000Ms6RQAS","","","","","false","true","98421603129897051","","","",""
"a2G4S000000szVUUAY","0054S000000Ms6RQAS","","Rental Expense- Other involved","2020-10-19T20:42:16.000Z","0054S000000Ms6RQAS","2020-10-19T20:42:27.000Z","0054S000000Ms6RQAS","","","","","false","true","42661183844977569","","1.0","0.0",""
"a2G4S000000t0P8UAI","0054S000000SW2ZQAW","","Account Docman Screen","2020-11-05T18:32:46.000Z","0054S000000SW2ZQAW","2020-11-05T18:32:46.000Z","0054S000000SW2ZQAW","","","","","false","true","Account_Document_Manager_Screen","","","",""
"a2G4S000000t0P9UAI","0054S000000SW2ZQAW","","Loan Docman Screen","2020-11-05T18:32:46.000Z","0054S000000SW2ZQAW","2020-11-05T18:32:46.000Z","0054S000000SW2ZQAW","","","","","false","true","LLC_BI__Loan__c_Document_Manager_Screen","","","",""
"a2G4S000000t0PAUAY","0054S000000SW2ZQAW","","Universal Docman Screen","2020-11-05T18:32:46.000Z","0054S000000SW2ZQAW","2020-11-05T18:32:46.000Z","0054S000000SW2ZQAW","","","","","false","true","LLC_BI__Document_Placeholder__c_Document_Manager_Screen","","","",""
"a2G4S000000t0PBUAY","0054S000000SW2ZQAW","","Account Docman Add New Placeholder Screen","2020-11-05T18:32:46.000Z","0054S000000SW2ZQAW","2020-11-05T18:32:46.000Z","0054S000000SW2ZQAW","","","","","false","true","Account_Add_New_Placeholder_Screen","","","",""
"a2G4S000000t0PCUAY","0054S000000SW2ZQAW","","Loan Docman Add New Placeholder Screen","2020-11-05T18:32:46.000Z","0054S000000SW2ZQAW","2020-11-05T18:32:46.000Z","0054S000000SW2ZQAW","","","","","false","true","LLC_BI__Loan__c_Add_New_Placeholder_Screen","","","",""
"a2G4S000000t0PDUAY","0054S000000SW2ZQAW","","Universal Docman Add New Placeholder Screen","2020-11-05T18:32:46.000Z","0054S000000SW2ZQAW","2020-11-05T18:32:46.000Z","0054S000000SW2ZQAW","","","","","false","true","LLC_BI__Document_Placeholder__c_Add_New_Placeholder_Screen","","","",""
"a2G4S000000t0c2UAA","0054S000000Ms6RQAS","","Add Owners MRF","2020-11-09T18:28:04.000Z","0054S000000Ms6RQAS","2020-11-09T18:28:04.000Z","0054S000000Ms6RQAS","","","","","false","true","42247669763471219","","","",""
"a2G4S000000t0c3UAA","0054S000000Ms6RQAS","","Add Signers MRF","2020-11-09T18:28:05.000Z","0054S000000Ms6RQAS","2020-12-08T20:17:25.000Z","0054S000000Ms6RQAS","","","","","false","true","42865719039783387","","","",""
"a2G4S000000t0c4UAA","0054S000000Ms6RQAS","","Add Others Involved MRF","2020-11-09T18:28:06.000Z","0054S000000Ms6RQAS","2020-11-09T18:28:06.000Z","0054S000000Ms6RQAS","","","","","false","true","42136054162613079","","","",""
"a2G4S000000t0c5UAA","0054S000000Ms6RQAS","","Add Others Involved MRF","2020-11-09T18:28:06.000Z","0054S000000Ms6RQAS","2020-11-09T18:28:06.000Z","0054S000000Ms6RQAS","","","","","false","true","42057741056995051","","","",""
"a2G4S000000t0c6UAA","0054S000000Ms6RQAS","","Add Others Involved MRF","2020-11-09T18:28:08.000Z","0054S000000Ms6RQAS","2020-11-09T18:28:08.000Z","0054S000000Ms6RQAS","","","","","false","true","42436459684933691","","","",""
"a2G4S000000t0cCUAQ","0054S000000Ms6RQAS","","Add Others Involved MRF","2020-11-09T18:28:09.000Z","0054S000000Ms6RQAS","2020-11-09T18:28:09.000Z","0054S000000Ms6RQAS","","","","","false","true","42552938228272786","","","",""
"a2G4S000000t0cMUAQ","0054S000000Ms6RQAS","","Material Changes","2020-11-09T19:13:47.000Z","0054S000000Ms6RQAS","2020-11-09T19:13:47.000Z","0054S000000Ms6RQAS","","","","","false","true","42932136971637961","","","",""
"a2G4S000000t2VaUAI","0054S000000Ms6RQAS","","Adverse Actions/Counter Offers","2021-01-12T18:11:40.000Z","0054S000000Ms6RQAS","2021-01-12T18:11:40.000Z","0054S000000Ms6RQAS","","","","","false","true","42714169169259151","","","",""
"a2G4S000000t4L8UAI","0054S000000Ms6RQAS","","Dummy Screen- IBDAO","2021-02-19T14:46:48.000Z","0054S000000Ms6RQAS","2021-02-19T14:46:48.000Z","0054S000000Ms6RQAS","","","","","false","true","42755485456390388","","","",""
"a2G4S000000t4UZUAY","0054S000000Ms6RQAS","","Details - EO - Summary Screen","2021-02-24T19:39:51.000Z","0054S000000Ms6RQAS","2021-02-24T19:39:51.000Z","0054S000000Ms6RQAS","","","","","false","true","42099472146166096","","","",""
"a2G4S000000tCwzUAE","0054S000000Ms6RQAS","","Dep - Bypass Idology","2021-09-29T16:24:23.000Z","0054S000000Ms6RQAS","2021-09-29T16:24:23.000Z","0054S000000Ms6RQAS","","","","","false","true","42132024756101464","","","",""
