"Id","IsDeleted","Name","CreatedDate","CreatedById","LastModifiedDate","LastModifiedById","SystemModstamp","nFORCE__Screen__c","nFORCE__Break_Page_After__c","nFORCE__Break_Page_Before__c","nFORCE__Default_Editable__c","nFORCE__Default_Rendered__c","nFORCE__Disable_Print__c","nFORCE__Display_Order__c","nFORCE__Display_Toggle_Effect__c","nFORCE__Display_Toggle_Header__c","nFORCE__Display_Toggle_Link__c","nFORCE__Headless__c","nFORCE__Inactive__c","nFORCE__Instructions_Text__c","nFORCE__Is_Editable__c","nFORCE__Section_Resource__c","nFORCE__lookupKey__c","nFORCE__sObject_Type__c","nFORCE__Disable_Read_Only_View__c","nFORCE__Display_Input_Address_Component__c","nFORCE__Conditional_Display_Criteria__c","nFORCE__Parent_Screen_Section__c","nFORCE__Number_of_Columns__c","Custom_Code_in_Screen_Section__c","nFORCE__Are_Columns_Sortable__c","nFORCE__Auto_Save__c","nFORCE__Validation_Service__c","nFORCE__Optional_Configuration__c","nPortal__Portal_Header_Text__c","nPortal__Portal_Subheader_Text__c"
"a2Fbn000000C3VDEA0","","Collateral Details","2024-08-06T15:25:26.000Z","005bn000003k2JdAAI","2024-08-13T17:50:21.000Z","005bn000003k2JdAAI","","a2Gbn000000hchTEAQ","false","false","false","false","false","","slide","true","false","false","true","","true","MappedSObjectScreenResource","42408547330158687","LLC_BI__Loan_Collateral2__c","false","false","","","","","false","false","","","",""
"a2Fbn000000C3VEEA0","","Collateral Valuation","2024-08-06T15:25:26.000Z","005bn000003k2JdAAI","2024-08-13T17:50:21.000Z","005bn000003k2JdAAI","","a2Gbn000000hchTEAQ","false","false","false","false","false","","slide","true","false","false","false","","true","MappedSObjectScreenResource","42770916055813452","LLC_BI__Collateral__c","false","false","","","","","false","false","","","",""
"a2Fbn000000C3VFEA0","","Pledge Details","2024-08-06T15:25:26.000Z","005bn000003k2JdAAI","2024-08-13T17:50:21.000Z","005bn000003k2JdAAI","","a2Gbn000000hchTEAQ","false","false","false","false","false","","slide","true","false","false","true","","true","MappedSObjectScreenResource","42837477030719818","LLC_BI__Loan_Collateral2__c","false","false","","","","","false","false","","","",""
"a2Fbn000000C3VGEA0","","Collateral Search Results","2024-08-06T15:25:26.000Z","005bn000003k2JdAAI","2024-08-13T17:50:21.000Z","005bn000003k2JdAAI","","a2Gbn000000hchTEAQ","false","false","false","false","false","","slide","true","false","false","false","","true","MappedSObjectScreenResource","42341236978633924","LLC_BI__Collateral__c","false","false","","","","","false","false","","","",""
"a2Fbn000000C3VHEA0","","Bulk Pledge Details","2024-08-06T15:25:26.000Z","005bn000003k2JdAAI","2024-08-13T17:50:21.000Z","005bn000003k2JdAAI","","a2Gbn000000hchTEAQ","false","false","false","false","false","","slide","true","false","false","false","","true","CustomSObjectListScreenResource","42922597703739427","LLC_BI__Loan_Collateral2__c","false","false","","","","","false","false","","","",""
"a2Fbn000000C3VQEA0","","Collateral Details","2024-08-06T15:25:26.000Z","005bn000003k2JdAAI","2024-08-06T15:25:26.000Z","005bn000003k2JdAAI","","a2Gbn000000hcc0EAA","false","false","false","false","false","","slide","true","false","false","true","","true","MappedSObjectScreenResource","42756644578938984","LLC_BI__Loan_Collateral2__c","false","false","","","","","false","false","","","",""
"a2Fbn000000C3VREA0","","Collateral Valuation","2024-08-06T15:25:26.000Z","005bn000003k2JdAAI","2024-08-06T15:25:26.000Z","005bn000003k2JdAAI","","a2Gbn000000hcc0EAA","false","false","false","false","false","","slide","true","false","false","false","","true","MappedSObjectScreenResource","42556818826445827","LLC_BI__Collateral__c","false","false","","","","","false","false","","","",""
"a2Fbn000000C3VSEA0","","Pledge Details","2024-08-06T15:25:26.000Z","005bn000003k2JdAAI","2024-08-06T15:25:26.000Z","005bn000003k2JdAAI","","a2Gbn000000hcc0EAA","false","false","false","false","false","","slide","true","false","false","true","","true","MappedSObjectScreenResource","42954666193102875","LLC_BI__Loan_Collateral2__c","false","false","","","","","false","false","","","",""
"a2Fbn000000C3VTEA0","","Collateral Search Results","2024-08-06T15:25:26.000Z","005bn000003k2JdAAI","2024-08-06T15:25:26.000Z","005bn000003k2JdAAI","","a2Gbn000000hcc0EAA","false","false","false","false","false","","slide","true","false","false","false","","true","MappedSObjectScreenResource","4289077711468689","LLC_BI__Collateral__c","false","false","","","","","false","false","","","",""
"a2Fbn000000C3VUEA0","","Bulk Pledge Details","2024-08-06T15:25:26.000Z","005bn000003k2JdAAI","2024-08-06T15:25:26.000Z","005bn000003k2JdAAI","","a2Gbn000000hcc0EAA","false","false","false","false","false","","slide","true","false","false","false","","true","CustomSObjectListScreenResource","42112852178994770","LLC_BI__Loan_Collateral2__c","false","false","","","","","false","false","","","",""
"a2Fbn000000C3VVEA0","","Collateral Details","2024-08-06T15:25:26.000Z","005bn000003k2JdAAI","2024-08-06T15:25:26.000Z","005bn000003k2JdAAI","","a2Gbn000000hcc8EAA","false","false","false","false","false","","slide","true","false","false","true","","true","MappedSObjectScreenResource","42056851150727842","LLC_BI__Loan_Collateral2__c","false","false","","","","","false","false","","","",""
"a2Fbn000000C3VWEA0","","Collateral Valuation","2024-08-06T15:25:26.000Z","005bn000003k2JdAAI","2024-08-06T15:25:26.000Z","005bn000003k2JdAAI","","a2Gbn000000hcc8EAA","false","false","false","false","false","","slide","true","false","false","false","","true","MappedSObjectScreenResource","42942024594527494","LLC_BI__Collateral__c","false","false","","","","","false","false","","","",""
"a2Fbn000000C3VXEA0","","Pledge Details","2024-08-06T15:25:26.000Z","005bn000003k2JdAAI","2024-08-06T15:25:26.000Z","005bn000003k2JdAAI","","a2Gbn000000hcc8EAA","false","false","false","false","false","","slide","true","false","false","true","","true","MappedSObjectScreenResource","42560036649135156","LLC_BI__Loan_Collateral2__c","false","false","","","","","false","false","","","",""
"a2Fbn000000C3VYEA0","","Collateral Search Results","2024-08-06T15:25:26.000Z","005bn000003k2JdAAI","2024-08-06T15:25:26.000Z","005bn000003k2JdAAI","","a2Gbn000000hcc8EAA","false","false","false","false","false","","slide","true","false","false","false","","true","MappedSObjectScreenResource","42275749942731791","LLC_BI__Collateral__c","false","false","","","","","false","false","","","",""
"a2Fbn000000C3VZEA0","","Bulk Pledge Details","2024-08-06T15:25:26.000Z","005bn000003k2JdAAI","2024-08-06T15:25:26.000Z","005bn000003k2JdAAI","","a2Gbn000000hcc8EAA","false","false","false","false","false","","slide","true","false","false","false","","true","CustomSObjectListScreenResource","42890787500455069","LLC_BI__Loan_Collateral2__c","false","false","","","","","false","false","","","",""
"a2Fbn000000C3YQEA0","","Collateral Valuation","2024-08-06T15:25:26.000Z","005bn000003kBWfAAM","2024-08-13T17:50:21.000Z","005bn000003k2JdAAI","","a2Gbn000000hcc3EAA","false","false","false","false","false","","slide","true","false","false","false","","true","MappedSObjectScreenResource","42967747533345043","LLC_BI__Collateral__c","false","false","","","","","false","false","","","",""
"a2Fbn000000C3YREA0","","Collateral Search Results","2024-08-06T15:25:26.000Z","005bn000003kBWfAAM","2024-08-13T17:50:21.000Z","005bn000003k2JdAAI","","a2Gbn000000hcc3EAA","false","false","false","false","false","","slide","true","false","false","false","","true","MappedSObjectScreenResource","42050289151740779","LLC_BI__Collateral__c","false","false","","","","","false","false","","","",""
"a2Fbn000000C3YSEA0","","Bulk Pledge Details","2024-08-06T15:25:26.000Z","005bn000003kBWfAAM","2024-08-13T17:50:21.000Z","005bn000003k2JdAAI","","a2Gbn000000hcc3EAA","false","false","false","false","false","","slide","true","false","false","false","","true","CustomSObjectListScreenResource","42025930690024950","LLC_BI__Loan_Collateral2__c","false","false","","","","","false","false","","","",""
"a2Fbn000000C3kREAS","","Collateral Valuation","2024-08-06T15:25:26.000Z","005bn000003k2JdAAI","2024-08-06T15:25:26.000Z","005bn000003k2JdAAI","","a2Gbn000000hccGEAQ","false","false","false","false","false","","slide","true","false","false","false","","true","MappedSObjectScreenResource","42056211837392803","LLC_BI__Collateral__c","false","false","","","","","false","false","","","",""
"a2Fbn000000C3kSEAS","","Collateral Valuation","2024-08-06T15:25:26.000Z","005bn000003k2JdAAI","2024-08-06T15:25:26.000Z","005bn000003k2JdAAI","","a2Gbn000000hccFEAQ","false","false","false","false","false","","slide","true","false","false","false","","true","MappedSObjectScreenResource","42424425548316676","LLC_BI__Collateral__c","false","false","","","","","false","false","","","",""
"a2Fbn000000C3kTEAS","","Collateral Search Results","2024-08-06T15:25:26.000Z","005bn000003k2JdAAI","2024-08-06T15:25:26.000Z","005bn000003k2JdAAI","","a2Gbn000000hccFEAQ","false","false","false","false","false","","slide","true","false","false","false","","true","MappedSObjectScreenResource","42324251124134576","LLC_BI__Collateral__c","false","false","","","","","false","false","","","",""
"a2Fbn000000C3kUEAS","","Bulk Pledge Details","2024-08-06T15:25:26.000Z","005bn000003k2JdAAI","2024-08-06T15:25:26.000Z","005bn000003k2JdAAI","","a2Gbn000000hccFEAQ","false","false","false","false","false","","slide","true","false","false","false","","true","CustomSObjectListScreenResource","42214592204420924","LLC_BI__Loan_Collateral2__c","false","false","","","","","false","false","","","",""
"a2Fbn000000C3kVEAS","","Collateral Search Results","2024-08-06T15:25:26.000Z","005bn000003k2JdAAI","2024-08-06T15:25:26.000Z","005bn000003k2JdAAI","","a2Gbn000000hccGEAQ","false","false","false","false","false","","slide","true","false","false","false","","true","MappedSObjectScreenResource","42865362700638445","LLC_BI__Collateral__c","false","false","","","","","false","false","","","",""
"a2Fbn000000C3kWEAS","","Bulk Pledge Details","2024-08-06T15:25:26.000Z","005bn000003k2JdAAI","2024-08-06T15:25:26.000Z","005bn000003k2JdAAI","","a2Gbn000000hccGEAQ","false","false","false","false","false","","slide","true","false","false","false","","true","CustomSObjectListScreenResource","42015509310499837","LLC_BI__Loan_Collateral2__c","false","false","","","","","false","false","","","",""
"a2Fbn000000C3kXEAS","","Collateral Valuation","2024-08-06T15:25:26.000Z","005bn000003k2JdAAI","2024-08-06T15:25:26.000Z","005bn000003k2JdAAI","","a2Gbn000000hcc1EAA","false","false","false","false","false","","slide","true","false","false","false","","true","MappedSObjectScreenResource","42683828209591215","LLC_BI__Collateral__c","false","false","","","","","false","false","","","",""
"a2Fbn000000C3kYEAS","","Collateral Search Results","2024-08-06T15:25:26.000Z","005bn000003k2JdAAI","2024-08-06T15:25:26.000Z","005bn000003k2JdAAI","","a2Gbn000000hcc1EAA","false","false","false","false","false","","slide","true","false","false","false","","true","MappedSObjectScreenResource","42954137051418988","LLC_BI__Collateral__c","false","false","","","","","false","false","","","",""
"a2Fbn000000C3kZEAS","","Bulk Pledge Details","2024-08-06T15:25:26.000Z","005bn000003k2JdAAI","2024-08-06T15:25:26.000Z","005bn000003k2JdAAI","","a2Gbn000000hcc1EAA","false","false","false","false","false","","slide","true","false","false","false","","true","CustomSObjectListScreenResource","42615334647610688","LLC_BI__Loan_Collateral2__c","false","false","","","","","false","false","","","",""
"a2Fbn000000C3kaEAC","","Collateral Valuation","2024-08-06T15:25:26.000Z","005bn000003k2JdAAI","2024-08-06T15:25:26.000Z","005bn000003k2JdAAI","","a2Gbn000000hcc2EAA","false","false","false","false","false","","slide","true","false","false","false","","true","MappedSObjectScreenResource","42059091386076696","LLC_BI__Collateral__c","false","false","","","","","false","false","","","",""
"a2Fbn000000C3kbEAC","","Collateral Search Results","2024-08-06T15:25:26.000Z","005bn000003k2JdAAI","2024-08-06T15:25:26.000Z","005bn000003k2JdAAI","","a2Gbn000000hcc2EAA","false","false","false","false","false","","slide","true","false","false","false","","true","MappedSObjectScreenResource","42805212959009489","LLC_BI__Collateral__c","false","false","","","","","false","false","","","",""
"a2Fbn000000C3kcEAC","","Bulk Pledge Details","2024-08-06T15:25:26.000Z","005bn000003k2JdAAI","2024-08-06T15:25:26.000Z","005bn000003k2JdAAI","","a2Gbn000000hcc2EAA","false","false","false","false","false","","slide","true","false","false","false","","true","CustomSObjectListScreenResource","42153932209446378","LLC_BI__Loan_Collateral2__c","false","false","","","","","false","false","","","",""
"a2Fbn000000C3kdEAC","","Collateral Valuation","2024-08-06T15:25:26.000Z","005bn000003k2JdAAI","2024-08-06T15:25:26.000Z","005bn000003k2JdAAI","","a2Gbn000000hcc4EAA","false","false","false","false","false","","slide","true","false","false","false","","true","MappedSObjectScreenResource","42137486842280788","LLC_BI__Collateral__c","false","false","","","","","false","false","","","",""
"a2Fbn000000C3keEAC","","Collateral Search Results","2024-08-06T15:25:26.000Z","005bn000003k2JdAAI","2024-08-06T15:25:26.000Z","005bn000003k2JdAAI","","a2Gbn000000hcc4EAA","false","false","false","false","false","","slide","true","false","false","false","","true","MappedSObjectScreenResource","42931257077940933","LLC_BI__Collateral__c","false","false","","","","","false","false","","","",""
"a2Fbn000000C3kfEAC","","Bulk Pledge Details","2024-08-06T15:25:26.000Z","005bn000003k2JdAAI","2024-08-06T15:25:26.000Z","005bn000003k2JdAAI","","a2Gbn000000hcc4EAA","false","false","false","false","false","","slide","true","false","false","false","","true","CustomSObjectListScreenResource","42192074896987113","LLC_BI__Loan_Collateral2__c","false","false","","","","","false","false","","","",""
"a2Fbn000000C3kgEAC","","Collateral Valuation","2024-08-06T15:25:26.000Z","005bn000003k2JdAAI","2024-08-06T15:25:26.000Z","005bn000003k2JdAAI","","a2Gbn000000hcc5EAA","false","false","false","false","false","","slide","true","false","false","false","","true","MappedSObjectScreenResource","42257152410399482","LLC_BI__Collateral__c","false","false","","","","","false","false","","","",""
"a2Fbn000000C3khEAC","","Collateral Search Results","2024-08-06T15:25:26.000Z","005bn000003k2JdAAI","2024-08-06T15:25:26.000Z","005bn000003k2JdAAI","","a2Gbn000000hcc5EAA","false","false","false","false","false","","slide","true","false","false","false","","true","MappedSObjectScreenResource","42148734489048289","LLC_BI__Collateral__c","false","false","","","","","false","false","","","",""
"a2Fbn000000C3kiEAC","","Bulk Pledge Details","2024-08-06T15:25:26.000Z","005bn000003k2JdAAI","2024-08-06T15:25:26.000Z","005bn000003k2JdAAI","","a2Gbn000000hcc5EAA","false","false","false","false","false","","slide","true","false","false","false","","true","CustomSObjectListScreenResource","42863673639779731","LLC_BI__Loan_Collateral2__c","false","false","","","","","false","false","","","",""
"a2Fbn000000C3kjEAC","","Collateral Valuation","2024-08-06T15:25:26.000Z","005bn000003k2JdAAI","2024-08-06T15:25:26.000Z","005bn000003k2JdAAI","","a2Gbn000000hcc6EAA","false","false","false","false","false","","slide","true","false","false","false","","true","MappedSObjectScreenResource","42256671778578968","LLC_BI__Collateral__c","false","false","","","","","false","false","","","",""
"a2Fbn000000C3kkEAC","","Collateral Search Results","2024-08-06T15:25:26.000Z","005bn000003k2JdAAI","2024-08-06T15:25:26.000Z","005bn000003k2JdAAI","","a2Gbn000000hcc6EAA","false","false","false","false","false","","slide","true","false","false","false","","true","MappedSObjectScreenResource","42976588561781420","LLC_BI__Collateral__c","false","false","","","","","false","false","","","",""
"a2Fbn000000C3klEAC","","Bulk Pledge Details","2024-08-06T15:25:26.000Z","005bn000003k2JdAAI","2024-08-06T15:25:26.000Z","005bn000003k2JdAAI","","a2Gbn000000hcc6EAA","false","false","false","false","false","","slide","true","false","false","false","","true","CustomSObjectListScreenResource","42637226840552638","LLC_BI__Loan_Collateral2__c","false","false","","","","","false","false","","","",""
"a2Fbn000000C3kmEAC","","Collateral Valuation","2024-08-06T15:25:26.000Z","005bn000003k2JdAAI","2024-08-06T15:25:26.000Z","005bn000003k2JdAAI","","a2Gbn000000hcc7EAA","false","false","false","false","false","","slide","true","false","false","false","","true","MappedSObjectScreenResource","42176098733769439","LLC_BI__Collateral__c","false","false","","","","","false","false","","","",""
"a2Fbn000000C3knEAC","","Collateral Search Results","2024-08-06T15:25:26.000Z","005bn000003k2JdAAI","2024-08-06T15:25:26.000Z","005bn000003k2JdAAI","","a2Gbn000000hcc7EAA","false","false","false","false","false","","slide","true","false","false","false","","true","MappedSObjectScreenResource","42407198864532806","LLC_BI__Collateral__c","false","false","","","","","false","false","","","",""
"a2Fbn000000C3koEAC","","Bulk Pledge Details","2024-08-06T15:25:26.000Z","005bn000003k2JdAAI","2024-08-06T15:25:26.000Z","005bn000003k2JdAAI","","a2Gbn000000hcc7EAA","false","false","false","false","false","","slide","true","false","false","false","","true","CustomSObjectListScreenResource","42046627643535532","LLC_BI__Loan_Collateral2__c","false","false","","","","","false","false","","","",""
"a2Fbn000000C3kpEAC","","Collateral Valuation","2024-08-06T15:25:26.000Z","005bn000003k2JdAAI","2024-08-06T15:25:26.000Z","005bn000003k2JdAAI","","a2Gbn000000hcc9EAA","false","false","false","false","false","","slide","true","false","false","false","","true","MappedSObjectScreenResource","42636758536657529","LLC_BI__Collateral__c","false","false","","","","","false","false","","","",""
"a2Fbn000000C3kqEAC","","Collateral Search Results","2024-08-06T15:25:26.000Z","005bn000003k2JdAAI","2024-08-06T15:25:26.000Z","005bn000003k2JdAAI","","a2Gbn000000hcc9EAA","false","false","false","false","false","","slide","true","false","false","false","","true","MappedSObjectScreenResource","42355584328676920","LLC_BI__Collateral__c","false","false","","","","","false","false","","","",""
"a2Fbn000000C3krEAC","","Bulk Pledge Details","2024-08-06T15:25:26.000Z","005bn000003k2JdAAI","2024-08-06T15:25:26.000Z","005bn000003k2JdAAI","","a2Gbn000000hcc9EAA","false","false","false","false","false","","slide","true","false","false","false","","true","CustomSObjectListScreenResource","42745692644457605","LLC_BI__Loan_Collateral2__c","false","false","","","","","false","false","","","",""
"a2Fbn000000C3ksEAC","","Collateral Valuation","2024-08-06T15:25:26.000Z","005bn000003k2JdAAI","2024-08-06T15:25:26.000Z","005bn000003k2JdAAI","","a2Gbn000000hccAEAQ","false","false","false","false","false","","slide","true","false","false","false","","true","MappedSObjectScreenResource","42263686687538568","LLC_BI__Collateral__c","false","false","","","","","false","false","","","",""
"a2Fbn000000C3ktEAC","","Collateral Search Results","2024-08-06T15:25:26.000Z","005bn000003k2JdAAI","2024-08-06T15:25:26.000Z","005bn000003k2JdAAI","","a2Gbn000000hccAEAQ","false","false","false","false","false","","slide","true","false","false","false","","true","MappedSObjectScreenResource","42855338262284267","LLC_BI__Collateral__c","false","false","","","","","false","false","","","",""
"a2Fbn000000C3kuEAC","","Bulk Pledge Details","2024-08-06T15:25:26.000Z","005bn000003k2JdAAI","2024-08-06T15:25:26.000Z","005bn000003k2JdAAI","","a2Gbn000000hccAEAQ","false","false","false","false","false","","slide","true","false","false","false","","true","CustomSObjectListScreenResource","42278275281163285","LLC_BI__Loan_Collateral2__c","false","false","","","","","false","false","","","",""
"a2Fbn000000C3kvEAC","","Collateral Valuation","2024-08-06T15:25:26.000Z","005bn000003k2JdAAI","2024-08-06T15:25:26.000Z","005bn000003k2JdAAI","","a2Gbn000000hccBEAQ","false","false","false","false","false","","slide","true","false","false","false","","true","MappedSObjectScreenResource","42699376658931831","LLC_BI__Collateral__c","false","false","","","","","false","false","","","",""
"a2Fbn000000C3kwEAC","","Collateral Search Results","2024-08-06T15:25:26.000Z","005bn000003k2JdAAI","2024-08-06T15:25:26.000Z","005bn000003k2JdAAI","","a2Gbn000000hccBEAQ","false","false","false","false","false","","slide","true","false","false","false","","true","MappedSObjectScreenResource","42088901239606259","LLC_BI__Collateral__c","false","false","","","","","false","false","","","",""
"a2Fbn000000C3kxEAC","","Bulk Pledge Details","2024-08-06T15:25:26.000Z","005bn000003k2JdAAI","2024-08-06T15:25:26.000Z","005bn000003k2JdAAI","","a2Gbn000000hccBEAQ","false","false","false","false","false","","slide","true","false","false","false","","true","CustomSObjectListScreenResource","42649800298279122","LLC_BI__Loan_Collateral2__c","false","false","","","","","false","false","","","",""
"a2Fbn000000C3kyEAC","","Collateral Valuation","2024-08-06T15:25:26.000Z","005bn000003k2JdAAI","2024-08-06T15:25:26.000Z","005bn000003k2JdAAI","","a2Gbn000000hccDEAQ","false","false","false","false","false","","slide","true","false","false","false","","true","MappedSObjectScreenResource","42719981069742436","LLC_BI__Collateral__c","false","false","","","","","false","false","","","",""
"a2Fbn000000C3kzEAC","","Collateral Search Results","2024-08-06T15:25:26.000Z","005bn000003k2JdAAI","2024-08-06T15:25:26.000Z","005bn000003k2JdAAI","","a2Gbn000000hccDEAQ","false","false","false","false","false","","slide","true","false","false","false","","true","MappedSObjectScreenResource","42927034709879004","LLC_BI__Collateral__c","false","false","","","","","false","false","","","",""
"a2Fbn000000C3l0EAC","","Bulk Pledge Details","2024-08-06T15:25:26.000Z","005bn000003k2JdAAI","2024-08-06T15:25:26.000Z","005bn000003k2JdAAI","","a2Gbn000000hccDEAQ","false","false","false","false","false","","slide","true","false","false","false","","true","CustomSObjectListScreenResource","42452419303364976","LLC_BI__Loan_Collateral2__c","false","false","","","","","false","false","","","",""
"a2Fbn000000C3l1EAC","","Collateral Valuation","2024-08-06T15:25:26.000Z","005bn000003k2JdAAI","2024-08-06T15:25:26.000Z","005bn000003k2JdAAI","","a2Gbn000000hccEEAQ","false","false","false","false","false","","slide","true","false","false","false","","true","MappedSObjectScreenResource","42438109294881857","LLC_BI__Collateral__c","false","false","","","","","false","false","","","",""
"a2Fbn000000C3l2EAC","","Collateral Search Results","2024-08-06T15:25:26.000Z","005bn000003k2JdAAI","2024-08-06T15:25:26.000Z","005bn000003k2JdAAI","","a2Gbn000000hccEEAQ","false","false","false","false","false","","slide","true","false","false","false","","true","MappedSObjectScreenResource","42672268055648249","LLC_BI__Collateral__c","false","false","","","","","false","false","","","",""
"a2Fbn000000C3l3EAC","","Bulk Pledge Details","2024-08-06T15:25:26.000Z","005bn000003k2JdAAI","2024-08-06T15:25:26.000Z","005bn000003k2JdAAI","","a2Gbn000000hccEEAQ","false","false","false","false","false","","slide","true","false","false","false","","true","CustomSObjectListScreenResource","42960334219562572","LLC_BI__Loan_Collateral2__c","false","false","","","","","false","false","","","",""
"a2Fbn000000C3l4EAC","","Collateral Valuation","2024-08-06T15:25:26.000Z","005bn000003k2JdAAI","2024-08-06T15:25:26.000Z","005bn000003k2JdAAI","","a2Gbn000000hccCEAQ","false","false","false","false","false","","slide","true","false","false","false","","true","MappedSObjectScreenResource","42724201043734643","LLC_BI__Collateral__c","false","false","","","","","false","false","","","",""
"a2Fbn000000C3l5EAC","","Collateral Search Results","2024-08-06T15:25:26.000Z","005bn000003k2JdAAI","2024-08-06T15:25:26.000Z","005bn000003k2JdAAI","","a2Gbn000000hccCEAQ","false","false","false","false","false","","slide","true","false","false","false","","true","MappedSObjectScreenResource","42400804380149719","LLC_BI__Collateral__c","false","false","","","","","false","false","","","",""
"a2Fbn000000C3l6EAC","","Bulk Pledge Details","2024-08-06T15:25:26.000Z","005bn000003k2JdAAI","2024-08-06T15:25:26.000Z","005bn000003k2JdAAI","","a2Gbn000000hccCEAQ","false","false","false","false","false","","slide","true","false","false","false","","true","CustomSObjectListScreenResource","42302197961286282","LLC_BI__Loan_Collateral2__c","false","false","","","","","false","false","","","",""
"a2Fbn000000CzJ3EAK","","SBL OA Real Estate Screen","2024-08-13T17:50:21.000Z","005bn000003k2JdAAI","2024-08-13T17:50:21.000Z","005bn000003k2JdAAI","","a2Gbn000000kG4zEAE","false","false","true","false","false","0.0","slide","true","false","false","false","","true","MappedSObjectScreenResource","429048491265969971","LLC_BI__Collateral__c","false","false","","","","","false","false","","","",""
"a2Fbn000000CzJ4EAK","","SBL OA Titled Screen","2024-08-13T17:50:21.000Z","005bn000003k2JdAAI","2024-08-13T17:50:21.000Z","005bn000003k2JdAAI","","a2Gbn000000kG50EAE","false","false","true","false","false","0.0","slide","true","false","false","false","","true","MappedSObjectScreenResource","42030451632328954","LLC_BI__Collateral__c","false","false","","","","","false","false","","","",""
"a2Fbn000000CzJ5EAK","","SBL OA Posseossery","2024-08-13T17:50:21.000Z","005bn000003k2JdAAI","2024-08-13T17:50:21.000Z","005bn000003k2JdAAI","","a2Gbn000000kG51EAE","false","false","false","false","false","10.0","slide","true","false","false","false","","false","MappedSObjectScreenResource","42787908567926334","LLC_BI__Collateral__c","false","false","","","","","false","false","","","",""
"a2Fbn000000CzJ6EAK","","SBL OA UCC","2024-08-13T17:50:21.000Z","005bn000003k2JdAAI","2024-08-13T17:50:21.000Z","005bn000003k2JdAAI","","a2Gbn000000kG52EAE","false","false","true","false","false","10.0","slide","true","false","false","false","","true","MappedSObjectScreenResource","423002528508649471","LLC_BI__Collateral__c","false","false","","","","","false","false","","","",""
