"Id","IsDeleted","Name","CreatedDate","CreatedById","LastModifiedDate","LastModifiedById","SystemModstamp","nFORCE__Screen_Section__c","nFORCE__Display_Order__c","nFORCE__Field_Set_Key__c","nFORCE__Parent_Configuration__c","nFORCE__Parent_Relationship_Name__c","nFORCE__Section_Header__c","nFORCE__lookupKey__c","nFORCE__sObject_Type__c","nFORCE__Filter_Criteria__c","nFORCE__Limit__c","nFORCE__Offset_By_Limit__c","nFORCE__Sort_Criteria__c","nFORCE__Unique__c"
"a2Hbn000000QJuMEAW","","SC-000010770","2024-08-06T15:25:26.000Z","005bn000003k2JdAAI","2024-08-13T17:50:35.000Z","005bn000003k2JdAAI","","a2Fbn000000C3VDEA0","1.01","LLC_BI__Collateral_Modal_Details","","","Details","42702213649589287","LLC_BI__Loan_Collateral2__c","","","false","","false"
"a2Hbn000000QJuNEAW","","SC-000010771","2024-08-06T15:25:26.000Z","005bn000003k2JdAAI","2024-08-06T15:25:26.000Z","005bn000003k2JdAAI","","a2Fbn000000C3VEEA0","1.01","LLC_BI__Collateral_Valuation","","","Collateral Valuation","42364688705520906","LLC_BI__Collateral__c","","","false","","false"
"a2Hbn000000QJuOEAW","","SC-000010772","2024-08-06T15:25:26.000Z","005bn000003k2JdAAI","2024-08-13T17:50:35.000Z","005bn000003k2JdAAI","","a2Fbn000000C3VFEA0","1.01","LLC_BI__Pledge_Details","","","Pledge Details","42021803137064143","LLC_BI__Loan_Collateral2__c","","","false","","false"
"a2Hbn000000QJuPEAW","","SC-000010773","2024-08-06T15:25:26.000Z","005bn000003k2JdAAI","2024-08-13T17:50:35.000Z","005bn000003k2JdAAI","","a2Fbn000000C3VGEA0","1.01","LLC_BI__Collateral_Search_Results","","","Search Results","42143434852308312","LLC_BI__Collateral__c","","","false","","false"
"a2Hbn000000QJuQEAW","","SC-000010774","2024-08-06T15:25:26.000Z","005bn000003k2JdAAI","2024-08-13T17:50:35.000Z","005bn000003k2JdAAI","","a2Fbn000000C3VHEA0","1.01","SBL_Pledge_Collateral_Override","","","","42080298160439060","LLC_BI__Loan_Collateral2__c","","","false","","false"
"a2Hbn000000QJuZEAW","","SC-000010783","2024-08-06T15:25:26.000Z","005bn000003k2JdAAI","2024-08-06T15:25:26.000Z","005bn000003k2JdAAI","","a2Fbn000000C3VQEA0","1.01","LLC_BI__Collateral_Modal_Details","","","Details","42371294895782016","LLC_BI__Loan_Collateral2__c","","","false","","false"
"a2Hbn000000QJuaEAG","","SC-000010784","2024-08-06T15:25:26.000Z","005bn000003k2JdAAI","2024-08-06T15:25:26.000Z","005bn000003k2JdAAI","","a2Fbn000000C3VREA0","1.01","Collateral_Valuation_Real_Estate","","","Collateral Valuation","42757230995398009","LLC_BI__Collateral__c","","0.0","false","","false"
"a2Hbn000000QJubEAG","","SC-000010785","2024-08-06T15:25:26.000Z","005bn000003k2JdAAI","2024-08-06T15:25:26.000Z","005bn000003k2JdAAI","","a2Fbn000000C3VSEA0","1.01","LLC_BI__Pledge_Details","","","Pledge Details","42166220978297466","LLC_BI__Loan_Collateral2__c","","","false","","false"
"a2Hbn000000QJucEAG","","SC-000010786","2024-08-06T15:25:26.000Z","005bn000003k2JdAAI","2024-08-06T15:25:26.000Z","005bn000003k2JdAAI","","a2Fbn000000C3VTEA0","1.01","LLC_BI__Collateral_Search_Results","","","Search Results","42957291244119398","LLC_BI__Collateral__c","","","false","","false"
"a2Hbn000000QJudEAG","","SC-000010787","2024-08-06T15:25:26.000Z","005bn000003k2JdAAI","2024-08-06T15:25:26.000Z","005bn000003k2JdAAI","","a2Fbn000000C3VUEA0","1.01","Pledge_Collateral_Override","","","","42514632499443989","LLC_BI__Loan_Collateral2__c","","","false","","false"
"a2Hbn000000QJueEAG","","SC-000010788","2024-08-06T15:25:26.000Z","005bn000003k2JdAAI","2024-08-06T15:25:26.000Z","005bn000003k2JdAAI","","a2Fbn000000C3VVEA0","1.01","LLC_BI__Collateral_Modal_Details","","","Details","42107958853547987","LLC_BI__Loan_Collateral2__c","","","false","","false"
"a2Hbn000000QJufEAG","","SC-000010789","2024-08-06T15:25:26.000Z","005bn000003k2JdAAI","2024-08-06T15:25:26.000Z","005bn000003k2JdAAI","","a2Fbn000000C3VWEA0","1.01","LLC_BI__Collateral_Valuation","","","Collateral Valuation","42569087986246965","LLC_BI__Collateral__c","","","false","","false"
"a2Hbn000000QJugEAG","","SC-000010790","2024-08-06T15:25:26.000Z","005bn000003k2JdAAI","2024-08-06T15:25:26.000Z","005bn000003k2JdAAI","","a2Fbn000000C3VXEA0","1.01","LLC_BI__Pledge_Details","","","Pledge Details","42355610245990104","LLC_BI__Loan_Collateral2__c","","","false","","false"
"a2Hbn000000QJuhEAG","","SC-000010791","2024-08-06T15:25:26.000Z","005bn000003k2JdAAI","2024-08-06T15:25:26.000Z","005bn000003k2JdAAI","","a2Fbn000000C3VYEA0","1.01","LLC_BI__Collateral_Search_Results","","","Search Results","42147866350266157","LLC_BI__Collateral__c","","","false","","false"
"a2Hbn000000QJuiEAG","","SC-000010792","2024-08-06T15:25:26.000Z","005bn000003k2JdAAI","2024-08-06T15:25:26.000Z","005bn000003k2JdAAI","","a2Fbn000000C3VZEA0","1.01","Pledge_Collateral_Override","","","","42655467735706176","LLC_BI__Loan_Collateral2__c","","","false","","false"
"a2Hbn000000QJvtEAG","","SC-000010981","2024-08-06T15:25:26.000Z","005bn000003kBWfAAM","2024-08-13T17:50:35.000Z","005bn000003k2JdAAI","","a2Fbn000000C3YQEA0","1.01","LLC_BI__Leased_Asset_Valuation","","","Valuation","42327143344905966","LLC_BI__Collateral__c","","","false","","false"
"a2Hbn000000QJvuEAG","","SC-000010982","2024-08-06T15:25:26.000Z","005bn000003kBWfAAM","2024-08-13T17:50:35.000Z","005bn000003k2JdAAI","","a2Fbn000000C3YREA0","1.01","LLC_BI__Leased_Asset_Search_Results","","","Search Results","42271488687128013","LLC_BI__Collateral__c","","","false","","false"
"a2Hbn000000QJvwEAG","","SC-000010983","2024-08-06T15:25:26.000Z","005bn000003kBWfAAM","2024-08-13T17:50:35.000Z","005bn000003k2JdAAI","","a2Fbn000000C3YSEA0","1.01","LLC_BI__Bulk_Pledge_Asset_Details","","","","42787893627471830","LLC_BI__Loan_Collateral2__c","","","false","","false"
"a2Hbn000000QKLFEA4","","SC-000011742","2024-08-06T15:25:26.000Z","005bn000003k2JdAAI","2024-08-06T15:25:26.000Z","005bn000003k2JdAAI","","a2Fbn000000C3kSEAS","1.01","UCC_Collateral_Valuation","","","Collateral Valuation","42001690159558524","LLC_BI__Collateral__c","","0.0","false","","false"
"a2Hbn000000QKLGEA4","","SC-000011743","2024-08-06T15:25:26.000Z","005bn000003k2JdAAI","2024-08-06T15:25:26.000Z","005bn000003k2JdAAI","","a2Fbn000000C3kTEAS","1.01","LLC_BI__Collateral_Search_Results","","","Search Results","42320818129596128","LLC_BI__Collateral__c","","","false","","false"
"a2Hbn000000QKLHEA4","","SC-000011744","2024-08-06T15:25:26.000Z","005bn000003k2JdAAI","2024-08-06T15:25:26.000Z","005bn000003k2JdAAI","","a2Fbn000000C3kUEAS","1.01","Pledge_Collateral_Override","","","","42562576321254457","LLC_BI__Loan_Collateral2__c","","","false","","false"
"a2Hbn000000QKLIEA4","","SC-000011745","2024-08-06T15:25:26.000Z","005bn000003k2JdAAI","2024-08-06T15:25:26.000Z","005bn000003k2JdAAI","","a2Fbn000000C3kREAS","1.01","Collateral_Valuations_Govt_Contracts","","","Collateral Valuation","42598305753684355","LLC_BI__Collateral__c","","0.0","false","","false"
"a2Hbn000000QKLJEA4","","SC-000011746","2024-08-06T15:25:26.000Z","005bn000003k2JdAAI","2024-08-06T15:25:26.000Z","005bn000003k2JdAAI","","a2Fbn000000C3kVEAS","1.01","LLC_BI__Collateral_Search_Results","","","Search Results","42982006763027512","LLC_BI__Collateral__c","","","false","","false"
"a2Hbn000000QKLKEA4","","SC-000011747","2024-08-06T15:25:26.000Z","005bn000003k2JdAAI","2024-08-06T15:25:26.000Z","005bn000003k2JdAAI","","a2Fbn000000C3kWEAS","1.01","Pledge_Collateral_Override","","","","42942274663986523","LLC_BI__Loan_Collateral2__c","","","false","","false"
"a2Hbn000000QKLLEA4","","SC-000011748","2024-08-06T15:25:26.000Z","005bn000003k2JdAAI","2024-08-06T15:25:26.000Z","005bn000003k2JdAAI","","a2Fbn000000C3kXEAS","1.01","Collateral_Valuation_Titled_Motor_Vehicl","","","Collateral Valuation","42897207519224636","LLC_BI__Collateral__c","","0.0","false","","false"
"a2Hbn000000QKLMEA4","","SC-000011749","2024-08-06T15:25:26.000Z","005bn000003k2JdAAI","2024-08-06T15:25:26.000Z","005bn000003k2JdAAI","","a2Fbn000000C3kYEAS","1.01","LLC_BI__Collateral_Search_Results","","","Search Results","42016811662619443","LLC_BI__Collateral__c","","","false","","false"
"a2Hbn000000QKLNEA4","","SC-000011750","2024-08-06T15:25:26.000Z","005bn000003k2JdAAI","2024-08-06T15:25:26.000Z","005bn000003k2JdAAI","","a2Fbn000000C3kZEAS","1.01","Pledge_Collateral_Override","","","","42518378832469762","LLC_BI__Loan_Collateral2__c","","","false","","false"
"a2Hbn000000QKLOEA4","","SC-000011751","2024-08-06T15:25:26.000Z","005bn000003k2JdAAI","2024-08-06T15:25:26.000Z","005bn000003k2JdAAI","","a2Fbn000000C3kaEAC","1.01","Collateral_Valuation_Titled_Mobile_Home","","","Collateral Valuation","42206872088823830","LLC_BI__Collateral__c","","0.0","false","","false"
"a2Hbn000000QKLPEA4","","SC-000011752","2024-08-06T15:25:26.000Z","005bn000003k2JdAAI","2024-08-06T15:25:26.000Z","005bn000003k2JdAAI","","a2Fbn000000C3kbEAC","1.01","LLC_BI__Collateral_Search_Results","","","Search Results","42559918086928431","LLC_BI__Collateral__c","","","false","","false"
"a2Hbn000000QKLQEA4","","SC-000011753","2024-08-06T15:25:26.000Z","005bn000003k2JdAAI","2024-08-06T15:25:26.000Z","005bn000003k2JdAAI","","a2Fbn000000C3kcEAC","1.01","Pledge_Collateral_Override","","","","42337201555641886","LLC_BI__Loan_Collateral2__c","","","false","","false"
"a2Hbn000000QKLREA4","","SC-000011754","2024-08-06T15:25:26.000Z","005bn000003k2JdAAI","2024-08-06T15:25:26.000Z","005bn000003k2JdAAI","","a2Fbn000000C3kdEAC","1.01","Collateral_Valuation_Titled_Boats","","","Collateral Valuation","42244785783992750","LLC_BI__Collateral__c","","0.0","false","","false"
"a2Hbn000000QKLSEA4","","SC-000011755","2024-08-06T15:25:26.000Z","005bn000003k2JdAAI","2024-08-06T15:25:26.000Z","005bn000003k2JdAAI","","a2Fbn000000C3keEAC","1.01","LLC_BI__Collateral_Search_Results","","","Search Results","42738492871704696","LLC_BI__Collateral__c","","","false","","false"
"a2Hbn000000QKLTEA4","","SC-000011756","2024-08-06T15:25:26.000Z","005bn000003k2JdAAI","2024-08-06T15:25:26.000Z","005bn000003k2JdAAI","","a2Fbn000000C3kfEAC","1.01","Pledge_Collateral_Override","","","","42001121331500796","LLC_BI__Loan_Collateral2__c","","","false","","false"
"a2Hbn000000QKLUEA4","","SC-000011757","2024-08-06T15:25:26.000Z","005bn000003k2JdAAI","2024-08-06T15:25:26.000Z","005bn000003k2JdAAI","","a2Fbn000000C3kgEAC","1.01","Collateral_Valuation_Titled_Ship","","","Collateral Valuation","42012762933282167","LLC_BI__Collateral__c","","0.0","false","","false"
"a2Hbn000000QKLVEA4","","SC-000011758","2024-08-06T15:25:26.000Z","005bn000003k2JdAAI","2024-08-06T15:25:26.000Z","005bn000003k2JdAAI","","a2Fbn000000C3khEAC","1.01","LLC_BI__Collateral_Search_Results","","","Search Results","42194095530043933","LLC_BI__Collateral__c","","","false","","false"
"a2Hbn000000QKLWEA4","","SC-000011759","2024-08-06T15:25:26.000Z","005bn000003k2JdAAI","2024-08-06T15:25:26.000Z","005bn000003k2JdAAI","","a2Fbn000000C3kiEAC","1.01","Pledge_Collateral_Override","","","","42835689990286554","LLC_BI__Loan_Collateral2__c","","","false","","false"
"a2Hbn000000QKLXEA4","","SC-000011760","2024-08-06T15:25:26.000Z","005bn000003k2JdAAI","2024-08-06T15:25:26.000Z","005bn000003k2JdAAI","","a2Fbn000000C3kjEAC","1.01","Collateral_Valuation_Titled_Aircraft","","","Collateral Valuation","42017258841327368","LLC_BI__Collateral__c","","0.0","false","","false"
"a2Hbn000000QKLYEA4","","SC-000011761","2024-08-06T15:25:26.000Z","005bn000003k2JdAAI","2024-08-06T15:25:26.000Z","005bn000003k2JdAAI","","a2Fbn000000C3kkEAC","1.01","LLC_BI__Collateral_Search_Results","","","Search Results","42183608085695102","LLC_BI__Collateral__c","","","false","","false"
"a2Hbn000000QKLZEA4","","SC-000011762","2024-08-06T15:25:26.000Z","005bn000003k2JdAAI","2024-08-06T15:25:26.000Z","005bn000003k2JdAAI","","a2Fbn000000C3klEAC","1.01","Pledge_Collateral_Override","","","","42448435503936976","LLC_BI__Loan_Collateral2__c","","","false","","false"
"a2Hbn000000QKLaEAO","","SC-000011763","2024-08-06T15:25:26.000Z","005bn000003k2JdAAI","2024-08-06T15:25:26.000Z","005bn000003k2JdAAI","","a2Fbn000000C3kmEAC","1.01","Collateral_Valuation_Titled_Trailer","","","Collateral Valuation","42611297485883551","LLC_BI__Collateral__c","","0.0","false","","false"
"a2Hbn000000QKLbEAO","","SC-000011764","2024-08-06T15:25:26.000Z","005bn000003k2JdAAI","2024-08-06T15:25:26.000Z","005bn000003k2JdAAI","","a2Fbn000000C3knEAC","1.01","LLC_BI__Collateral_Search_Results","","","Search Results","42720360975069625","LLC_BI__Collateral__c","","","false","","false"
"a2Hbn000000QKLcEAO","","SC-000011765","2024-08-06T15:25:26.000Z","005bn000003k2JdAAI","2024-08-06T15:25:26.000Z","005bn000003k2JdAAI","","a2Fbn000000C3koEAC","1.01","Pledge_Collateral_Override","","","","42551707286406201","LLC_BI__Loan_Collateral2__c","","","false","","false"
"a2Hbn000000QKLdEAO","","SC-000011766","2024-08-06T15:25:26.000Z","005bn000003k2JdAAI","2024-08-06T15:25:26.000Z","005bn000003k2JdAAI","","a2Fbn000000C3kpEAC","1.01","Collateral_Valuation_Possessory_CD","","","Collateral Valuation","42560392455613806","LLC_BI__Collateral__c","","0.0","false","","false"
"a2Hbn000000QKLeEAO","","SC-000011767","2024-08-06T15:25:26.000Z","005bn000003k2JdAAI","2024-08-06T15:25:26.000Z","005bn000003k2JdAAI","","a2Fbn000000C3kqEAC","1.01","LLC_BI__Collateral_Search_Results","","","Search Results","42016530666628131","LLC_BI__Collateral__c","","","false","","false"
"a2Hbn000000QKLfEAO","","SC-000011768","2024-08-06T15:25:26.000Z","005bn000003k2JdAAI","2024-08-06T15:25:26.000Z","005bn000003k2JdAAI","","a2Fbn000000C3krEAC","1.01","Pledge_Collateral_Override","","","","42447816184090719","LLC_BI__Loan_Collateral2__c","","","false","","false"
"a2Hbn000000QKLgEAO","","SC-000011769","2024-08-06T15:25:26.000Z","005bn000003k2JdAAI","2024-08-06T15:25:26.000Z","005bn000003k2JdAAI","","a2Fbn000000C3ksEAC","1.01","Collateral_Valuation_Possessory_Securiti","","","Collateral Valuation","42892857935384952","LLC_BI__Collateral__c","","0.0","false","","false"
"a2Hbn000000QKLhEAO","","SC-000011770","2024-08-06T15:25:26.000Z","005bn000003k2JdAAI","2024-08-06T15:25:26.000Z","005bn000003k2JdAAI","","a2Fbn000000C3ktEAC","1.01","LLC_BI__Collateral_Search_Results","","","Search Results","42256916355898128","LLC_BI__Collateral__c","","","false","","false"
"a2Hbn000000QKLiEAO","","SC-000011771","2024-08-06T15:25:26.000Z","005bn000003k2JdAAI","2024-08-06T15:25:26.000Z","005bn000003k2JdAAI","","a2Fbn000000C3kuEAC","1.01","Pledge_Collateral_Override","","","","42159007666787935","LLC_BI__Loan_Collateral2__c","","","false","","false"
"a2Hbn000000QKLjEAO","","SC-000011772","2024-08-06T15:25:26.000Z","005bn000003k2JdAAI","2024-08-06T15:25:26.000Z","005bn000003k2JdAAI","","a2Fbn000000C3kvEAC","1.01","Collateral_Valuation_Possessory_CD","","","Collateral Valuation","42837442763953770","LLC_BI__Collateral__c","","0.0","false","","false"
"a2Hbn000000QKLkEAO","","SC-000011773","2024-08-06T15:25:26.000Z","005bn000003k2JdAAI","2024-08-06T15:25:26.000Z","005bn000003k2JdAAI","","a2Fbn000000C3kwEAC","1.01","LLC_BI__Collateral_Search_Results","","","Search Results","42105504139904275","LLC_BI__Collateral__c","","","false","","false"
"a2Hbn000000QKLlEAO","","SC-000011774","2024-08-06T15:25:26.000Z","005bn000003k2JdAAI","2024-08-06T15:25:26.000Z","005bn000003k2JdAAI","","a2Fbn000000C3kxEAC","1.01","Pledge_Collateral_Override","","","","42881558673833325","LLC_BI__Loan_Collateral2__c","","","false","","false"
"a2Hbn000000QKLmEAO","","SC-000011775","2024-08-06T15:25:26.000Z","005bn000003k2JdAAI","2024-08-06T15:25:26.000Z","005bn000003k2JdAAI","","a2Fbn000000C3kyEAC","1.01","Collateral_Valuation_Possessory_LOC","","","Collateral Valuation","42994964500457479","LLC_BI__Collateral__c","","0.0","false","","false"
"a2Hbn000000QKLnEAO","","SC-000011776","2024-08-06T15:25:26.000Z","005bn000003k2JdAAI","2024-08-06T15:25:26.000Z","005bn000003k2JdAAI","","a2Fbn000000C3kzEAC","1.01","LLC_BI__Collateral_Search_Results","","","Search Results","42927841647060201","LLC_BI__Collateral__c","","","false","","false"
"a2Hbn000000QKLoEAO","","SC-000011777","2024-08-06T15:25:26.000Z","005bn000003k2JdAAI","2024-08-06T15:25:26.000Z","005bn000003k2JdAAI","","a2Fbn000000C3l0EAC","1.01","Pledge_Collateral_Override","","","","42759148246001407","LLC_BI__Loan_Collateral2__c","","","false","","false"
"a2Hbn000000QKLpEAO","","SC-000011778","2024-08-06T15:25:26.000Z","005bn000003k2JdAAI","2024-08-06T15:25:26.000Z","005bn000003k2JdAAI","","a2Fbn000000C3l1EAC","1.01","Collateral_Valuation_Possessory_Life_Ins","","","Collateral Valuation","42694786180466839","LLC_BI__Collateral__c","","0.0","false","","false"
"a2Hbn000000QKLqEAO","","SC-000011779","2024-08-06T15:25:26.000Z","005bn000003k2JdAAI","2024-08-06T15:25:26.000Z","005bn000003k2JdAAI","","a2Fbn000000C3l2EAC","1.01","LLC_BI__Collateral_Search_Results","","","Search Results","42972880718658890","LLC_BI__Collateral__c","","","false","","false"
"a2Hbn000000QKLrEAO","","SC-000011780","2024-08-06T15:25:26.000Z","005bn000003k2JdAAI","2024-08-06T15:25:26.000Z","005bn000003k2JdAAI","","a2Fbn000000C3l3EAC","1.01","Pledge_Collateral_Override","","","","42543695293611438","LLC_BI__Loan_Collateral2__c","","","false","","false"
"a2Hbn000000QKLsEAO","","SC-000011781","2024-08-06T15:25:26.000Z","005bn000003k2JdAAI","2024-08-06T15:25:26.000Z","005bn000003k2JdAAI","","a2Fbn000000C3l4EAC","1.01","Collateral_Valuation_Possessory_Other","","","Collateral Valuation","42851729174307769","LLC_BI__Collateral__c","","0.0","false","","false"
"a2Hbn000000QKLtEAO","","SC-000011782","2024-08-06T15:25:26.000Z","005bn000003k2JdAAI","2024-08-06T15:25:26.000Z","005bn000003k2JdAAI","","a2Fbn000000C3l5EAC","1.01","LLC_BI__Collateral_Search_Results","","","Search Results","42035299851856958","LLC_BI__Collateral__c","","","false","","false"
"a2Hbn000000QKLuEAO","","SC-000011783","2024-08-06T15:25:26.000Z","005bn000003k2JdAAI","2024-08-06T15:25:26.000Z","005bn000003k2JdAAI","","a2Fbn000000C3l6EAC","1.01","Pledge_Collateral_Override","","","","42861181166043724","LLC_BI__Loan_Collateral2__c","","","false","","false"
"a2Hbn000000S6yXEAS","","SC-000011989","2024-08-13T17:50:35.000Z","005bn000003k2JdAAI","2024-08-13T17:50:35.000Z","005bn000003k2JdAAI","","a2Fbn000000CzJ5EAK","1.01","SBL_OA_Possessory","","","","42682656174102074","LLC_BI__Collateral__c","","0.0","false","","false"
"a2Hbn000000S6yYEAS","","SC-000011990","2024-08-13T17:50:35.000Z","005bn000003k2JdAAI","2024-08-13T17:50:35.000Z","005bn000003k2JdAAI","","a2Fbn000000C3VEEA0","1.01","SBL_Possessory_Collateral_Valuation","","","Collateral Valuation","423646887055209061","LLC_BI__Collateral__c","","","false","","false"
"a2Hbn000000S6yZEAS","","SC-000011991","2024-08-13T17:50:35.000Z","005bn000003k2JdAAI","2024-08-13T17:50:35.000Z","005bn000003k2JdAAI","","a2Fbn000000CzJ3EAK","1.01","SBL_OA_Real_Estate","","","","423739979738395071","LLC_BI__Collateral__c","","0.0","false","","false"
"a2Hbn000000S6yaEAC","","SC-000011992","2024-08-13T17:50:35.000Z","005bn000003k2JdAAI","2024-08-13T17:50:35.000Z","005bn000003k2JdAAI","","a2Fbn000000CzJ4EAK","1.01","SBL_OA_Titled","","","","42531440068230934","LLC_BI__Collateral__c","","0.0","false","","false"
"a2Hbn000000S6ybEAC","","SC-000011993","2024-08-13T17:50:35.000Z","005bn000003k2JdAAI","2024-08-13T17:50:35.000Z","005bn000003k2JdAAI","","a2Fbn000000CzJ6EAK","1.01","SBL_OA_UCC","","","","420418067217157461","LLC_BI__Collateral__c","","0.0","false","","false"
